ERROR - 2026-10-06 06:24:53 --> Error connecting to the database: mysqli_sql_exception: Unknown database 'lentera' in D:\JOKS\Yordan\BELAJAR WETIM\BELAJAR-WETIM\system\Database\MySQLi\Connection.php:201
Stack trace:
#0 D:\JOKS\Yordan\BELAJAR WETIM\BELAJAR-WETIM\system\Database\MySQLi\Connection.php(201): mysqli->real_connect('localhost', 'dbuser', Object(SensitiveParameterValue), 'lentera', 3306, '', 0)
#1 D:\JOKS\Yordan\BELAJAR WETIM\BELAJAR-WETIM\system\Database\BaseConnection.php(555): CodeIgniter\Database\MySQLi\Connection->connect(false)
#2 D:\JOKS\Yordan\BELAJAR WETIM\BELAJAR-WETIM\system\Database\BaseConnection.php(795): CodeIgniter\Database\BaseConnection->initialize()
#3 D:\JOKS\Yordan\BELAJAR WETIM\BELAJAR-WETIM\system\Database\BaseConnection.php(1706): CodeIgniter\Database\BaseConnection->query('SHOW TABLES FRO...')
#4 D:\JOKS\Yordan\BELAJAR WETIM\BELAJAR-WETIM\system\Database\BaseConnection.php(1726): CodeIgniter\Database\BaseConnection->listTables()
#5 D:\JOKS\Yordan\BELAJAR WETIM\BELAJAR-WETIM\system\Database\MigrationRunner.php(821): CodeIgniter\Database\BaseConnection->tableExists('migrations')
#6 D:\JOKS\Yordan\BELAJAR WETIM\BELAJAR-WETIM\system\Database\MigrationRunner.php(173): CodeIgniter\Database\MigrationRunner->ensureTable()
#7 D:\JOKS\Yordan\BELAJAR WETIM\BELAJAR-WETIM\system\Commands\Database\Migrate.php(89): CodeIgniter\Database\MigrationRunner->latest(NULL)
#8 D:\JOKS\Yordan\BELAJAR WETIM\BELAJAR-WETIM\system\CLI\SignalTrait.php(245): CodeIgniter\Commands\Database\Migrate::{closure:CodeIgniter\Commands\Database\Migrate::run():88}()
#9 D:\JOKS\Yordan\BELAJAR WETIM\BELAJAR-WETIM\system\Commands\Database\Migrate.php(88): CodeIgniter\Commands\Database\Migrate->withSignalsBlocked(Object(Closure))
#10 D:\JOKS\Yordan\BELAJAR WETIM\BELAJAR-WETIM\system\CLI\Commands.php(72): CodeIgniter\Commands\Database\Migrate->run(Array)
#11 D:\JOKS\Yordan\BELAJAR WETIM\BELAJAR-WETIM\system\CLI\Console.php(47): CodeIgniter\CLI\Commands->run('migrate', Array)
#12 D:\JOKS\Yordan\BELAJAR WETIM\BELAJAR-WETIM\system\Boot.php(444): CodeIgniter\CLI\Console->run()
#13 D:\JOKS\Yordan\BELAJAR WETIM\BELAJAR-WETIM\system\Boot.php(166): CodeIgniter\Boot::runCommand(Object(CodeIgniter\CLI\Console))
#14 D:\JOKS\Yordan\BELAJAR WETIM\BELAJAR-WETIM\spark(87): CodeIgniter\Boot::bootSpark(Object(Config\Paths))
#15 {main}

Next CodeIgniter\Database\Exceptions\DatabaseException: Unknown database 'lentera' in D:\JOKS\Yordan\BELAJAR WETIM\BELAJAR-WETIM\system\Database\MySQLi\Connection.php:231
Stack trace:
#0 D:\JOKS\Yordan\BELAJAR WETIM\BELAJAR-WETIM\system\Database\BaseConnection.php(555): CodeIgniter\Database\MySQLi\Connection->connect(false)
#1 D:\JOKS\Yordan\BELAJAR WETIM\BELAJAR-WETIM\system\Database\BaseConnection.php(795): CodeIgniter\Database\BaseConnection->initialize()
#2 D:\JOKS\Yordan\BELAJAR WETIM\BELAJAR-WETIM\system\Database\BaseConnection.php(1706): CodeIgniter\Database\BaseConnection->query('SHOW TABLES FRO...')
#3 D:\JOKS\Yordan\BELAJAR WETIM\BELAJAR-WETIM\system\Database\BaseConnection.php(1726): CodeIgniter\Database\BaseConnection->listTables()
#4 D:\JOKS\Yordan\BELAJAR WETIM\BELAJAR-WETIM\system\Database\MigrationRunner.php(821): CodeIgniter\Database\BaseConnection->tableExists('migrations')
#5 D:\JOKS\Yordan\BELAJAR WETIM\BELAJAR-WETIM\system\Database\MigrationRunner.php(173): CodeIgniter\Database\MigrationRunner->ensureTable()
#6 D:\JOKS\Yordan\BELAJAR WETIM\BELAJAR-WETIM\system\Commands\Database\Migrate.php(89): CodeIgniter\Database\MigrationRunner->latest(NULL)
#7 D:\JOKS\Yordan\BELAJAR WETIM\BELAJAR-WETIM\system\CLI\SignalTrait.php(245): CodeIgniter\Commands\Database\Migrate::{closure:CodeIgniter\Commands\Database\Migrate::run():88}()
#8 D:\JOKS\Yordan\BELAJAR WETIM\BELAJAR-WETIM\system\Commands\Database\Migrate.php(88): CodeIgniter\Commands\Database\Migrate->withSignalsBlocked(Object(Closure))
#9 D:\JOKS\Yordan\BELAJAR WETIM\BELAJAR-WETIM\system\CLI\Commands.php(72): CodeIgniter\Commands\Database\Migrate->run(Array)
#10 D:\JOKS\Yordan\BELAJAR WETIM\BELAJAR-WETIM\system\CLI\Console.php(47): CodeIgniter\CLI\Commands->run('migrate', Array)
#11 D:\JOKS\Yordan\BELAJAR WETIM\BELAJAR-WETIM\system\Boot.php(444): CodeIgniter\CLI\Console->run()
#12 D:\JOKS\Yordan\BELAJAR WETIM\BELAJAR-WETIM\system\Boot.php(166): CodeIgniter\Boot::runCommand(Object(CodeIgniter\CLI\Console))
#13 D:\JOKS\Yordan\BELAJAR WETIM\BELAJAR-WETIM\spark(87): CodeIgniter\Boot::bootSpark(Object(Config\Paths))
#14 {main}
ERROR - 2026-10-06 06:24:54 --> Error connecting to the database: mysqli_sql_exception: Unknown database 'lentera' in D:\JOKS\Yordan\BELAJAR WETIM\BELAJAR-WETIM\system\Database\MySQLi\Connection.php:201
Stack trace:
#0 D:\JOKS\Yordan\BELAJAR WETIM\BELAJAR-WETIM\system\Database\MySQLi\Connection.php(201): mysqli->real_connect('localhost', 'dbuser', Object(SensitiveParameterValue), 'lentera', 3306, '', 0)
#1 D:\JOKS\Yordan\BELAJAR WETIM\BELAJAR-WETIM\system\Database\BaseConnection.php(555): CodeIgniter\Database\MySQLi\Connection->connect(false)
#2 D:\JOKS\Yordan\BELAJAR WETIM\BELAJAR-WETIM\system\Database\BaseConnection.php(795): CodeIgniter\Database\BaseConnection->initialize()
#3 D:\JOKS\Yordan\BELAJAR WETIM\BELAJAR-WETIM\system\Database\BaseConnection.php(1706): CodeIgniter\Database\BaseConnection->query('SHOW TABLES FRO...')
#4 D:\JOKS\Yordan\BELAJAR WETIM\BELAJAR-WETIM\system\Database\BaseConnection.php(1726): CodeIgniter\Database\BaseConnection->listTables()
#5 D:\JOKS\Yordan\BELAJAR WETIM\BELAJAR-WETIM\system\Database\MigrationRunner.php(821): CodeIgniter\Database\BaseConnection->tableExists('migrations')
#6 D:\JOKS\Yordan\BELAJAR WETIM\BELAJAR-WETIM\system\Database\MigrationRunner.php(699): CodeIgniter\Database\MigrationRunner->ensureTable()
#7 D:\JOKS\Yordan\BELAJAR WETIM\BELAJAR-WETIM\system\Commands\Database\MigrateStatus.php(115): CodeIgniter\Database\MigrationRunner->getHistory('')
#8 D:\JOKS\Yordan\BELAJAR WETIM\BELAJAR-WETIM\system\CLI\Commands.php(72): CodeIgniter\Commands\Database\MigrateStatus->run(Array)
#9 D:\JOKS\Yordan\BELAJAR WETIM\BELAJAR-WETIM\system\CLI\Console.php(47): CodeIgniter\CLI\Commands->run('migrate:status', Array)
#10 D:\JOKS\Yordan\BELAJAR WETIM\BELAJAR-WETIM\system\Boot.php(444): CodeIgniter\CLI\Console->run()
#11 D:\JOKS\Yordan\BELAJAR WETIM\BELAJAR-WETIM\system\Boot.php(166): CodeIgniter\Boot::runCommand(Object(CodeIgniter\CLI\Console))
#12 D:\JOKS\Yordan\BELAJAR WETIM\BELAJAR-WETIM\spark(87): CodeIgniter\Boot::bootSpark(Object(Config\Paths))
#13 {main}

Next CodeIgniter\Database\Exceptions\DatabaseException: Unknown database 'lentera' in D:\JOKS\Yordan\BELAJAR WETIM\BELAJAR-WETIM\system\Database\MySQLi\Connection.php:231
Stack trace:
#0 D:\JOKS\Yordan\BELAJAR WETIM\BELAJAR-WETIM\system\Database\BaseConnection.php(555): CodeIgniter\Database\MySQLi\Connection->connect(false)
#1 D:\JOKS\Yordan\BELAJAR WETIM\BELAJAR-WETIM\system\Database\BaseConnection.php(795): CodeIgniter\Database\BaseConnection->initialize()
#2 D:\JOKS\Yordan\BELAJAR WETIM\BELAJAR-WETIM\system\Database\BaseConnection.php(1706): CodeIgniter\Database\BaseConnection->query('SHOW TABLES FRO...')
#3 D:\JOKS\Yordan\BELAJAR WETIM\BELAJAR-WETIM\system\Database\BaseConnection.php(1726): CodeIgniter\Database\BaseConnection->listTables()
#4 D:\JOKS\Yordan\BELAJAR WETIM\BELAJAR-WETIM\system\Database\MigrationRunner.php(821): CodeIgniter\Database\BaseConnection->tableExists('migrations')
#5 D:\JOKS\Yordan\BELAJAR WETIM\BELAJAR-WETIM\system\Database\MigrationRunner.php(699): CodeIgniter\Database\MigrationRunner->ensureTable()
#6 D:\JOKS\Yordan\BELAJAR WETIM\BELAJAR-WETIM\system\Commands\Database\MigrateStatus.php(115): CodeIgniter\Database\MigrationRunner->getHistory('')
#7 D:\JOKS\Yordan\BELAJAR WETIM\BELAJAR-WETIM\system\CLI\Commands.php(72): CodeIgniter\Commands\Database\MigrateStatus->run(Array)
#8 D:\JOKS\Yordan\BELAJAR WETIM\BELAJAR-WETIM\system\CLI\Console.php(47): CodeIgniter\CLI\Commands->run('migrate:status', Array)
#9 D:\JOKS\Yordan\BELAJAR WETIM\BELAJAR-WETIM\system\Boot.php(444): CodeIgniter\CLI\Console->run()
#10 D:\JOKS\Yordan\BELAJAR WETIM\BELAJAR-WETIM\system\Boot.php(166): CodeIgniter\Boot::runCommand(Object(CodeIgniter\CLI\Console))
#11 D:\JOKS\Yordan\BELAJAR WETIM\BELAJAR-WETIM\spark(87): CodeIgniter\Boot::bootSpark(Object(Config\Paths))
#12 {main}
CRITICAL - 2026-10-06 06:24:54 --> CodeIgniter\Database\Exceptions\DatabaseException: Unable to connect to the database.
Main connection [MySQLi]: Unknown database 'lentera'
[Method: CLI, Route: migrate:status]
in SYSTEMPATH\Database\BaseConnection.php on line 606.
 1 SYSTEMPATH\Database\BaseConnection.php(795): CodeIgniter\Database\BaseConnection->initialize()
 2 SYSTEMPATH\Database\BaseConnection.php(1706): CodeIgniter\Database\BaseConnection->query('SHOW TABLES FROM `lentera`')
 3 SYSTEMPATH\Database\BaseConnection.php(1726): CodeIgniter\Database\BaseConnection->listTables()
 4 SYSTEMPATH\Database\MigrationRunner.php(821): CodeIgniter\Database\BaseConnection->tableExists('migrations')
 5 SYSTEMPATH\Database\MigrationRunner.php(699): CodeIgniter\Database\MigrationRunner->ensureTable()
 6 SYSTEMPATH\Commands\Database\MigrateStatus.php(115): CodeIgniter\Database\MigrationRunner->getHistory('')
 7 SYSTEMPATH\CLI\Commands.php(72): CodeIgniter\Commands\Database\MigrateStatus->run([])
 8 SYSTEMPATH\CLI\Console.php(47): CodeIgniter\CLI\Commands->run('migrate:status', [])
 9 SYSTEMPATH\Boot.php(444): CodeIgniter\CLI\Console->run()
10 SYSTEMPATH\Boot.php(166): CodeIgniter\Boot::runCommand(Object(CodeIgniter\CLI\Console))
11 ROOTPATH\spark(87): CodeIgniter\Boot::bootSpark(Object(Config\Paths))
ERROR - 2026-10-06 06:25:01 --> Error connecting to the database: mysqli_sql_exception: Unknown database 'lentera' in D:\JOKS\Yordan\BELAJAR WETIM\BELAJAR-WETIM\system\Database\MySQLi\Connection.php:201
Stack trace:
#0 D:\JOKS\Yordan\BELAJAR WETIM\BELAJAR-WETIM\system\Database\MySQLi\Connection.php(201): mysqli->real_connect('localhost', 'dbuser', Object(SensitiveParameterValue), 'lentera', 3306, '', 0)
#1 D:\JOKS\Yordan\BELAJAR WETIM\BELAJAR-WETIM\system\Database\BaseConnection.php(555): CodeIgniter\Database\MySQLi\Connection->connect(false)
#2 D:\JOKS\Yordan\BELAJAR WETIM\BELAJAR-WETIM\system\Database\BaseConnection.php(795): CodeIgniter\Database\BaseConnection->initialize()
#3 D:\JOKS\Yordan\BELAJAR WETIM\BELAJAR-WETIM\system\Database\BaseConnection.php(1706): CodeIgniter\Database\BaseConnection->query('SHOW TABLES FRO...')
#4 D:\JOKS\Yordan\BELAJAR WETIM\BELAJAR-WETIM\system\Database\BaseConnection.php(1726): CodeIgniter\Database\BaseConnection->listTables()
#5 D:\JOKS\Yordan\BELAJAR WETIM\BELAJAR-WETIM\system\Database\MigrationRunner.php(821): CodeIgniter\Database\BaseConnection->tableExists('migrations')
#6 D:\JOKS\Yordan\BELAJAR WETIM\BELAJAR-WETIM\system\Database\MigrationRunner.php(173): CodeIgniter\Database\MigrationRunner->ensureTable()
#7 D:\JOKS\Yordan\BELAJAR WETIM\BELAJAR-WETIM\system\Commands\Database\Migrate.php(89): CodeIgniter\Database\MigrationRunner->latest(NULL)
#8 D:\JOKS\Yordan\BELAJAR WETIM\BELAJAR-WETIM\system\CLI\SignalTrait.php(245): CodeIgniter\Commands\Database\Migrate::{closure:CodeIgniter\Commands\Database\Migrate::run():88}()
#9 D:\JOKS\Yordan\BELAJAR WETIM\BELAJAR-WETIM\system\Commands\Database\Migrate.php(88): CodeIgniter\Commands\Database\Migrate->withSignalsBlocked(Object(Closure))
#10 D:\JOKS\Yordan\BELAJAR WETIM\BELAJAR-WETIM\system\CLI\Commands.php(72): CodeIgniter\Commands\Database\Migrate->run(Array)
#11 D:\JOKS\Yordan\BELAJAR WETIM\BELAJAR-WETIM\system\CLI\Console.php(47): CodeIgniter\CLI\Commands->run('migrate', Array)
#12 D:\JOKS\Yordan\BELAJAR WETIM\BELAJAR-WETIM\system\Boot.php(444): CodeIgniter\CLI\Console->run()
#13 D:\JOKS\Yordan\BELAJAR WETIM\BELAJAR-WETIM\system\Boot.php(166): CodeIgniter\Boot::runCommand(Object(CodeIgniter\CLI\Console))
#14 D:\JOKS\Yordan\BELAJAR WETIM\BELAJAR-WETIM\spark(87): CodeIgniter\Boot::bootSpark(Object(Config\Paths))
#15 {main}

Next CodeIgniter\Database\Exceptions\DatabaseException: Unknown database 'lentera' in D:\JOKS\Yordan\BELAJAR WETIM\BELAJAR-WETIM\system\Database\MySQLi\Connection.php:231
Stack trace:
#0 D:\JOKS\Yordan\BELAJAR WETIM\BELAJAR-WETIM\system\Database\BaseConnection.php(555): CodeIgniter\Database\MySQLi\Connection->connect(false)
#1 D:\JOKS\Yordan\BELAJAR WETIM\BELAJAR-WETIM\system\Database\BaseConnection.php(795): CodeIgniter\Database\BaseConnection->initialize()
#2 D:\JOKS\Yordan\BELAJAR WETIM\BELAJAR-WETIM\system\Database\BaseConnection.php(1706): CodeIgniter\Database\BaseConnection->query('SHOW TABLES FRO...')
#3 D:\JOKS\Yordan\BELAJAR WETIM\BELAJAR-WETIM\system\Database\BaseConnection.php(1726): CodeIgniter\Database\BaseConnection->listTables()
#4 D:\JOKS\Yordan\BELAJAR WETIM\BELAJAR-WETIM\system\Database\MigrationRunner.php(821): CodeIgniter\Database\BaseConnection->tableExists('migrations')
#5 D:\JOKS\Yordan\BELAJAR WETIM\BELAJAR-WETIM\system\Database\MigrationRunner.php(173): CodeIgniter\Database\MigrationRunner->ensureTable()
#6 D:\JOKS\Yordan\BELAJAR WETIM\BELAJAR-WETIM\system\Commands\Database\Migrate.php(89): CodeIgniter\Database\MigrationRunner->latest(NULL)
#7 D:\JOKS\Yordan\BELAJAR WETIM\BELAJAR-WETIM\system\CLI\SignalTrait.php(245): CodeIgniter\Commands\Database\Migrate::{closure:CodeIgniter\Commands\Database\Migrate::run():88}()
#8 D:\JOKS\Yordan\BELAJAR WETIM\BELAJAR-WETIM\system\Commands\Database\Migrate.php(88): CodeIgniter\Commands\Database\Migrate->withSignalsBlocked(Object(Closure))
#9 D:\JOKS\Yordan\BELAJAR WETIM\BELAJAR-WETIM\system\CLI\Commands.php(72): CodeIgniter\Commands\Database\Migrate->run(Array)
#10 D:\JOKS\Yordan\BELAJAR WETIM\BELAJAR-WETIM\system\CLI\Console.php(47): CodeIgniter\CLI\Commands->run('migrate', Array)
#11 D:\JOKS\Yordan\BELAJAR WETIM\BELAJAR-WETIM\system\Boot.php(444): CodeIgniter\CLI\Console->run()
#12 D:\JOKS\Yordan\BELAJAR WETIM\BELAJAR-WETIM\system\Boot.php(166): CodeIgniter\Boot::runCommand(Object(CodeIgniter\CLI\Console))
#13 D:\JOKS\Yordan\BELAJAR WETIM\BELAJAR-WETIM\spark(87): CodeIgniter\Boot::bootSpark(Object(Config\Paths))
#14 {main}
ERROR - 2026-10-06 06:25:54 --> Failed to open the referenced table 'courses'
in SYSTEMPATH\Database\MySQLi\Connection.php on line 300.
 1 SYSTEMPATH\Database\MySQLi\Connection.php(300): mysqli->query('CREATE TABLE `course_students` (
	`id` INT(11) UNSIGNED NOT NULL AUTO_INCREMENT,
	`course_id` INT(11) UNSIGNED NOT NULL,
	`student_id` INT(11) UNSIGNED NOT NULL,
	`enrolled_at` DATETIME NULL,
	`created_at` DATETIME NULL,
	`updated_at` DATETIME NULL,
	CONSTRAINT `pk_course_students` PRIMARY KEY(`id`),
	CONSTRAINT `course_students_course_id_foreign` FOREIGN KEY (`course_id`) REFERENCES `courses`(`id`) ON DELETE CASCADE ON UPDATE CASCADE,
	CONSTRAINT `course_students_student_id_foreign` FOREIGN KEY (`student_id`) REFERENCES `students`(`id`) ON DELETE CASCADE ON UPDATE CASCADE,
	UNIQUE KEY `course_id_student_id` (`course_id`, `student_id`),
	KEY `student_id` (`student_id`)
) ENGINE = InnoDB DEFAULT CHARACTER SET = utf8mb4 COLLATE = utf8mb4_general_ci', 0)
 2 SYSTEMPATH\Database\BaseConnection.php(908): CodeIgniter\Database\MySQLi\Connection->execute('CREATE TABLE `course_students` (
	`id` INT(11) UNSIGNED NOT NULL AUTO_INCREMENT,
	`course_id` INT(11) UNSIGNED NOT NULL,
	`student_id` INT(11) UNSIGNED NOT NULL,
	`enrolled_at` DATETIME NULL,
	`created_at` DATETIME NULL,
	`updated_at` DATETIME NULL,
	CONSTRAINT `pk_course_students` PRIMARY KEY(`id`),
	CONSTRAINT `course_students_course_id_foreign` FOREIGN KEY (`course_id`) REFERENCES `courses`(`id`) ON DELETE CASCADE ON UPDATE CASCADE,
	CONSTRAINT `course_students_student_id_foreign` FOREIGN KEY (`student_id`) REFERENCES `students`(`id`) ON DELETE CASCADE ON UPDATE CASCADE,
	UNIQUE KEY `course_id_student_id` (`course_id`, `student_id`),
	KEY `student_id` (`student_id`)
) ENGINE = InnoDB DEFAULT CHARACTER SET = utf8mb4 COLLATE = utf8mb4_general_ci')
 3 SYSTEMPATH\Database\BaseConnection.php(825): CodeIgniter\Database\BaseConnection->simpleQuery('CREATE TABLE `course_students` (
	`id` INT(11) UNSIGNED NOT NULL AUTO_INCREMENT,
	`course_id` INT(11) UNSIGNED NOT NULL,
	`student_id` INT(11) UNSIGNED NOT NULL,
	`enrolled_at` DATETIME NULL,
	`created_at` DATETIME NULL,
	`updated_at` DATETIME NULL,
	CONSTRAINT `pk_course_students` PRIMARY KEY(`id`),
	CONSTRAINT `course_students_course_id_foreign` FOREIGN KEY (`course_id`) REFERENCES `courses`(`id`) ON DELETE CASCADE ON UPDATE CASCADE,
	CONSTRAINT `course_students_student_id_foreign` FOREIGN KEY (`student_id`) REFERENCES `students`(`id`) ON DELETE CASCADE ON UPDATE CASCADE,
	UNIQUE KEY `course_id_student_id` (`course_id`, `student_id`),
	KEY `student_id` (`student_id`)
) ENGINE = InnoDB DEFAULT CHARACTER SET = utf8mb4 COLLATE = utf8mb4_general_ci')
 4 SYSTEMPATH\Database\Forge.php(570): CodeIgniter\Database\BaseConnection->query('CREATE TABLE `course_students` (
	`id` INT(11) UNSIGNED NOT NULL AUTO_INCREMENT,
	`course_id` INT(11) UNSIGNED NOT NULL,
	`student_id` INT(11) UNSIGNED NOT NULL,
	`enrolled_at` DATETIME NULL,
	`created_at` DATETIME NULL,
	`updated_at` DATETIME NULL,
	CONSTRAINT `pk_course_students` PRIMARY KEY(`id`),
	CONSTRAINT `course_students_course_id_foreign` FOREIGN KEY (`course_id`) REFERENCES `courses`(`id`) ON DELETE CASCADE ON UPDATE CASCADE,
	CONSTRAINT `course_students_student_id_foreign` FOREIGN KEY (`student_id`) REFERENCES `students`(`id`) ON DELETE CASCADE ON UPDATE CASCADE,
	UNIQUE KEY `course_id_student_id` (`course_id`, `student_id`),
	KEY `student_id` (`student_id`)
) ENGINE = InnoDB DEFAULT CHARACTER SET = utf8mb4 COLLATE = utf8mb4_general_ci')
 5 APPPATH\Database\Migrations\2026-10-06-062443_CreateCourseStudentsTable.php(48): CodeIgniter\Database\Forge->createTable('course_students', true, [...])
 6 SYSTEMPATH\Database\MigrationRunner.php(1014): App\Database\Migrations\CreateCourseStudentsTable->up()
 7 SYSTEMPATH\Database\MigrationRunner.php(202): CodeIgniter\Database\MigrationRunner->migrate('up', Object(stdClass))
 8 SYSTEMPATH\Commands\Database\Migrate.php(89): CodeIgniter\Database\MigrationRunner->latest(null)
 9 SYSTEMPATH\CLI\SignalTrait.php(245): CodeIgniter\Commands\Database\Migrate::{closure:CodeIgniter\Commands\Database\Migrate::run():88}()
10 SYSTEMPATH\Commands\Database\Migrate.php(88): CodeIgniter\Commands\Database\Migrate->withSignalsBlocked(Object(Closure))
11 SYSTEMPATH\CLI\Commands.php(72): CodeIgniter\Commands\Database\Migrate->run([])
12 SYSTEMPATH\CLI\Console.php(47): CodeIgniter\CLI\Commands->run('migrate', [])
13 SYSTEMPATH\Boot.php(444): CodeIgniter\CLI\Console->run()
14 SYSTEMPATH\Boot.php(166): CodeIgniter\Boot::runCommand(Object(CodeIgniter\CLI\Console))
15 ROOTPATH\spark(87): CodeIgniter\Boot::bootSpark(Object(Config\Paths))
DEBUG - 2026-10-06 06:50:19 --> Session: Class initialized using 'CodeIgniter\Session\Handlers\FileHandler' driver.
DEBUG - 2026-10-06 06:50:20 --> Session: Class initialized using 'CodeIgniter\Session\Handlers\FileHandler' driver.
INFO - 2026-10-06 06:50:28 --> CSRF token verified.
DEBUG - 2026-10-06 06:50:28 --> Session: Class initialized using 'CodeIgniter\Session\Handlers\FileHandler' driver.
DEBUG - 2026-10-06 06:50:28 --> Session: Class initialized using 'CodeIgniter\Session\Handlers\FileHandler' driver.
DEBUG - 2026-10-06 06:51:15 --> Session: Class initialized using 'CodeIgniter\Session\Handlers\FileHandler' driver.
INFO - 2026-10-06 06:51:19 --> CSRF token verified.
DEBUG - 2026-10-06 06:51:19 --> Session: Class initialized using 'CodeIgniter\Session\Handlers\FileHandler' driver.
DEBUG - 2026-10-06 06:51:19 --> Session: Class initialized using 'CodeIgniter\Session\Handlers\FileHandler' driver.
DEBUG - 2026-10-06 06:51:39 --> Session: Class initialized using 'CodeIgniter\Session\Handlers\FileHandler' driver.
DEBUG - 2026-10-06 06:51:56 --> Session: Class initialized using 'CodeIgniter\Session\Handlers\FileHandler' driver.
DEBUG - 2026-10-06 06:53:47 --> Session: Class initialized using 'CodeIgniter\Session\Handlers\FileHandler' driver.
INFO - 2026-10-06 06:54:01 --> CSRF token verified.
DEBUG - 2026-10-06 06:54:01 --> Session: Class initialized using 'CodeIgniter\Session\Handlers\FileHandler' driver.
DEBUG - 2026-10-06 06:54:01 --> Session: Class initialized using 'CodeIgniter\Session\Handlers\FileHandler' driver.
DEBUG - 2026-10-06 06:56:09 --> Session: Class initialized using 'CodeIgniter\Session\Handlers\FileHandler' driver.
DEBUG - 2026-10-06 06:56:12 --> Session: Class initialized using 'CodeIgniter\Session\Handlers\FileHandler' driver.
DEBUG - 2026-10-06 06:56:13 --> Session: Class initialized using 'CodeIgniter\Session\Handlers\FileHandler' driver.
DEBUG - 2026-10-06 06:56:22 --> Session: Class initialized using 'CodeIgniter\Session\Handlers\FileHandler' driver.
DEBUG - 2026-10-06 06:56:24 --> Session: Class initialized using 'CodeIgniter\Session\Handlers\FileHandler' driver.
DEBUG - 2026-10-06 06:56:25 --> Session: Class initialized using 'CodeIgniter\Session\Handlers\FileHandler' driver.
DEBUG - 2026-10-06 06:56:26 --> Session: Class initialized using 'CodeIgniter\Session\Handlers\FileHandler' driver.
DEBUG - 2026-10-06 06:56:26 --> Session: Class initialized using 'CodeIgniter\Session\Handlers\FileHandler' driver.
DEBUG - 2026-10-06 07:02:33 --> Session: Class initialized using 'CodeIgniter\Session\Handlers\FileHandler' driver.
DEBUG - 2026-10-06 07:02:35 --> Session: Class initialized using 'CodeIgniter\Session\Handlers\FileHandler' driver.
DEBUG - 2026-10-06 07:02:37 --> Session: Class initialized using 'CodeIgniter\Session\Handlers\FileHandler' driver.
DEBUG - 2026-10-06 07:02:39 --> Session: Class initialized using 'CodeIgniter\Session\Handlers\FileHandler' driver.
DEBUG - 2026-10-06 07:02:40 --> Session: Class initialized using 'CodeIgniter\Session\Handlers\FileHandler' driver.
INFO - 2026-10-06 07:02:41 --> CSRF token verified.
DEBUG - 2026-10-06 07:02:41 --> Session: Class initialized using 'CodeIgniter\Session\Handlers\FileHandler' driver.
CRITICAL - 2026-10-06 07:02:41 --> CodeIgniter\Exceptions\LogicException: No validation rules for the placeholder: "id". You must set the validation rules for the field. See <https://codeigniter4.github.io/userguide/libraries/validation.html#validation-placeholders>.
[Method: POST, Route: admin/academic-years/1/update]
in SYSTEMPATH\Validation\Validation.php on line 812.
 1 SYSTEMPATH\Validation\Validation.php(155): CodeIgniter\Validation\Validation->fillPlaceholders([...], [...])
 2 SYSTEMPATH\BaseModel.php(1615): CodeIgniter\Validation\Validation->run([...], null, null)
 3 SYSTEMPATH\BaseModel.php(1046): CodeIgniter\BaseModel->validate([...])
 4 SYSTEMPATH\Model.php(711): CodeIgniter\BaseModel->update([...], [...])
 5 APPPATH\Controllers\Admin\AcademicYears.php(82): CodeIgniter\Model->update(1, [...])
 6 SYSTEMPATH\CodeIgniter.php(974): App\Controllers\Admin\AcademicYears->update('1')
 7 SYSTEMPATH\CodeIgniter.php(520): CodeIgniter\CodeIgniter->runController(Object(App\Controllers\Admin\AcademicYears))
 8 SYSTEMPATH\CodeIgniter.php(363): CodeIgniter\CodeIgniter->handleRequest(null, Object(Config\Cache), false)
 9 SYSTEMPATH\Boot.php(417): CodeIgniter\CodeIgniter->run()
10 SYSTEMPATH\Boot.php(68): CodeIgniter\Boot::runCodeIgniter(Object(CodeIgniter\CodeIgniter))
11 FCPATH\index.php(59): CodeIgniter\Boot::bootWeb(Object(Config\Paths))
12 SYSTEMPATH\rewrite.php(44): require_once('D:\\JOKS\\Yordan\\BELAJAR WETIM\\BELAJAR-WETIM\\public\\index.php')
DEBUG - 2026-10-06 07:02:50 --> Session: Class initialized using 'CodeIgniter\Session\Handlers\FileHandler' driver.
INFO - 2026-10-06 07:02:52 --> CSRF token verified.
DEBUG - 2026-10-06 07:02:52 --> Session: Class initialized using 'CodeIgniter\Session\Handlers\FileHandler' driver.
CRITICAL - 2026-10-06 07:02:52 --> CodeIgniter\Exceptions\LogicException: No validation rules for the placeholder: "id". You must set the validation rules for the field. See <https://codeigniter4.github.io/userguide/libraries/validation.html#validation-placeholders>.
[Method: POST, Route: admin/academic-years/1/update]
in SYSTEMPATH\Validation\Validation.php on line 812.
 1 SYSTEMPATH\Validation\Validation.php(155): CodeIgniter\Validation\Validation->fillPlaceholders([...], [...])
 2 SYSTEMPATH\BaseModel.php(1615): CodeIgniter\Validation\Validation->run([...], null, null)
 3 SYSTEMPATH\BaseModel.php(1046): CodeIgniter\BaseModel->validate([...])
 4 SYSTEMPATH\Model.php(711): CodeIgniter\BaseModel->update([...], [...])
 5 APPPATH\Controllers\Admin\AcademicYears.php(82): CodeIgniter\Model->update(1, [...])
 6 SYSTEMPATH\CodeIgniter.php(974): App\Controllers\Admin\AcademicYears->update('1')
 7 SYSTEMPATH\CodeIgniter.php(520): CodeIgniter\CodeIgniter->runController(Object(App\Controllers\Admin\AcademicYears))
 8 SYSTEMPATH\CodeIgniter.php(363): CodeIgniter\CodeIgniter->handleRequest(null, Object(Config\Cache), false)
 9 SYSTEMPATH\Boot.php(417): CodeIgniter\CodeIgniter->run()
10 SYSTEMPATH\Boot.php(68): CodeIgniter\Boot::runCodeIgniter(Object(CodeIgniter\CodeIgniter))
11 FCPATH\index.php(59): CodeIgniter\Boot::bootWeb(Object(Config\Paths))
12 SYSTEMPATH\rewrite.php(44): require_once('D:\\JOKS\\Yordan\\BELAJAR WETIM\\BELAJAR-WETIM\\public\\index.php')
DEBUG - 2026-10-06 07:02:52 --> Session: Class initialized using 'CodeIgniter\Session\Handlers\FileHandler' driver.
DEBUG - 2026-10-06 07:02:53 --> Session: Class initialized using 'CodeIgniter\Session\Handlers\FileHandler' driver.
DEBUG - 2026-10-06 07:02:55 --> Session: Class initialized using 'CodeIgniter\Session\Handlers\FileHandler' driver.
CRITICAL - 2026-10-06 07:02:55 --> TypeError: Unsupported operand types: string * int
[Method: GET, Route: admin/academic-years/create]
in APPPATH\Controllers\Admin\AcademicYears.php on line 38.
 1 SYSTEMPATH\CodeIgniter.php(974): App\Controllers\Admin\AcademicYears->create()
 2 SYSTEMPATH\CodeIgniter.php(520): CodeIgniter\CodeIgniter->runController(Object(App\Controllers\Admin\AcademicYears))
 3 SYSTEMPATH\CodeIgniter.php(363): CodeIgniter\CodeIgniter->handleRequest(null, Object(Config\Cache), false)
 4 SYSTEMPATH\Boot.php(417): CodeIgniter\CodeIgniter->run()
 5 SYSTEMPATH\Boot.php(68): CodeIgniter\Boot::runCodeIgniter(Object(CodeIgniter\CodeIgniter))
 6 FCPATH\index.php(59): CodeIgniter\Boot::bootWeb(Object(Config\Paths))
 7 SYSTEMPATH\rewrite.php(44): require_once('D:\\JOKS\\Yordan\\BELAJAR WETIM\\BELAJAR-WETIM\\public\\index.php')
DEBUG - 2026-10-06 07:03:08 --> Session: Class initialized using 'CodeIgniter\Session\Handlers\FileHandler' driver.
DEBUG - 2026-10-06 07:03:11 --> Session: Class initialized using 'CodeIgniter\Session\Handlers\FileHandler' driver.
DEBUG - 2026-10-06 07:03:12 --> Session: Class initialized using 'CodeIgniter\Session\Handlers\FileHandler' driver.
INFO - 2026-10-06 07:03:13 --> CSRF token verified.
DEBUG - 2026-10-06 07:03:13 --> Session: Class initialized using 'CodeIgniter\Session\Handlers\FileHandler' driver.
CRITICAL - 2026-10-06 07:03:13 --> CodeIgniter\Exceptions\LogicException: No validation rules for the placeholder: "id". You must set the validation rules for the field. See <https://codeigniter4.github.io/userguide/libraries/validation.html#validation-placeholders>.
[Method: POST, Route: admin/academic-years/1/update]
in SYSTEMPATH\Validation\Validation.php on line 812.
 1 SYSTEMPATH\Validation\Validation.php(155): CodeIgniter\Validation\Validation->fillPlaceholders([...], [...])
 2 SYSTEMPATH\BaseModel.php(1615): CodeIgniter\Validation\Validation->run([...], null, null)
 3 SYSTEMPATH\BaseModel.php(1046): CodeIgniter\BaseModel->validate([...])
 4 SYSTEMPATH\Model.php(711): CodeIgniter\BaseModel->update([...], [...])
 5 APPPATH\Controllers\Admin\AcademicYears.php(82): CodeIgniter\Model->update(1, [...])
 6 SYSTEMPATH\CodeIgniter.php(974): App\Controllers\Admin\AcademicYears->update('1')
 7 SYSTEMPATH\CodeIgniter.php(520): CodeIgniter\CodeIgniter->runController(Object(App\Controllers\Admin\AcademicYears))
 8 SYSTEMPATH\CodeIgniter.php(363): CodeIgniter\CodeIgniter->handleRequest(null, Object(Config\Cache), false)
 9 SYSTEMPATH\Boot.php(417): CodeIgniter\CodeIgniter->run()
10 SYSTEMPATH\Boot.php(68): CodeIgniter\Boot::runCodeIgniter(Object(CodeIgniter\CodeIgniter))
11 FCPATH\index.php(59): CodeIgniter\Boot::bootWeb(Object(Config\Paths))
12 SYSTEMPATH\rewrite.php(44): require_once('D:\\JOKS\\Yordan\\BELAJAR WETIM\\BELAJAR-WETIM\\public\\index.php')
INFO - 2026-10-06 07:04:18 --> CSRF token verified.
DEBUG - 2026-10-06 07:04:18 --> Session: Class initialized using 'CodeIgniter\Session\Handlers\FileHandler' driver.
DEBUG - 2026-10-06 07:04:18 --> Session: Class initialized using 'CodeIgniter\Session\Handlers\FileHandler' driver.
DEBUG - 2026-10-06 07:04:24 --> Session: Class initialized using 'CodeIgniter\Session\Handlers\FileHandler' driver.
INFO - 2026-10-06 07:04:26 --> CSRF token verified.
DEBUG - 2026-10-06 07:04:26 --> Session: Class initialized using 'CodeIgniter\Session\Handlers\FileHandler' driver.
DEBUG - 2026-10-06 07:04:26 --> Session: Class initialized using 'CodeIgniter\Session\Handlers\FileHandler' driver.
DEBUG - 2026-10-06 07:04:48 --> Session: Class initialized using 'CodeIgniter\Session\Handlers\FileHandler' driver.
DEBUG - 2026-10-06 07:04:48 --> Session: Class initialized using 'CodeIgniter\Session\Handlers\FileHandler' driver.
DEBUG - 2026-10-06 07:04:55 --> Session: Class initialized using 'CodeIgniter\Session\Handlers\FileHandler' driver.
DEBUG - 2026-10-06 07:04:59 --> Session: Class initialized using 'CodeIgniter\Session\Handlers\FileHandler' driver.
DEBUG - 2026-10-06 07:05:00 --> Session: Class initialized using 'CodeIgniter\Session\Handlers\FileHandler' driver.
DEBUG - 2026-10-06 07:05:00 --> Session: Class initialized using 'CodeIgniter\Session\Handlers\FileHandler' driver.
DEBUG - 2026-10-06 07:05:01 --> Session: Class initialized using 'CodeIgniter\Session\Handlers\FileHandler' driver.
DEBUG - 2026-10-06 07:05:05 --> Session: Class initialized using 'CodeIgniter\Session\Handlers\FileHandler' driver.
DEBUG - 2026-10-06 07:06:10 --> Session: Class initialized using 'CodeIgniter\Session\Handlers\FileHandler' driver.
DEBUG - 2026-10-06 07:06:13 --> Session: Class initialized using 'CodeIgniter\Session\Handlers\FileHandler' driver.
DEBUG - 2026-10-06 07:06:14 --> Session: Class initialized using 'CodeIgniter\Session\Handlers\FileHandler' driver.
INFO - 2026-10-06 07:06:23 --> CSRF token verified.
DEBUG - 2026-10-06 07:06:23 --> Session: Class initialized using 'CodeIgniter\Session\Handlers\FileHandler' driver.
DEBUG - 2026-10-06 07:06:23 --> Session: Class initialized using 'CodeIgniter\Session\Handlers\FileHandler' driver.
INFO - 2026-10-06 07:06:29 --> CSRF token verified.
DEBUG - 2026-10-06 07:06:29 --> Session: Class initialized using 'CodeIgniter\Session\Handlers\FileHandler' driver.
DEBUG - 2026-10-06 07:06:29 --> Session: Class initialized using 'CodeIgniter\Session\Handlers\FileHandler' driver.
INFO - 2026-10-06 07:06:44 --> CSRF token verified.
DEBUG - 2026-10-06 07:06:44 --> Session: Class initialized using 'CodeIgniter\Session\Handlers\FileHandler' driver.
DEBUG - 2026-10-06 07:06:44 --> Session: Class initialized using 'CodeIgniter\Session\Handlers\FileHandler' driver.
INFO - 2026-10-06 07:06:53 --> CSRF token verified.
DEBUG - 2026-10-06 07:06:53 --> Session: Class initialized using 'CodeIgniter\Session\Handlers\FileHandler' driver.
DEBUG - 2026-10-06 07:06:53 --> Session: Class initialized using 'CodeIgniter\Session\Handlers\FileHandler' driver.
INFO - 2026-10-06 07:06:58 --> CSRF token verified.
DEBUG - 2026-10-06 07:06:58 --> Session: Class initialized using 'CodeIgniter\Session\Handlers\FileHandler' driver.
DEBUG - 2026-10-06 07:06:58 --> Session: Class initialized using 'CodeIgniter\Session\Handlers\FileHandler' driver.
DEBUG - 2026-10-06 07:07:01 --> Session: Class initialized using 'CodeIgniter\Session\Handlers\FileHandler' driver.
DEBUG - 2026-10-06 07:07:03 --> Session: Class initialized using 'CodeIgniter\Session\Handlers\FileHandler' driver.
INFO - 2026-10-06 07:07:04 --> CSRF token verified.
DEBUG - 2026-10-06 07:07:04 --> Session: Class initialized using 'CodeIgniter\Session\Handlers\FileHandler' driver.
DEBUG - 2026-10-06 07:07:04 --> Session: Class initialized using 'CodeIgniter\Session\Handlers\FileHandler' driver.
DEBUG - 2026-10-06 07:07:05 --> Session: Class initialized using 'CodeIgniter\Session\Handlers\FileHandler' driver.
INFO - 2026-10-06 07:07:07 --> CSRF token verified.
DEBUG - 2026-10-06 07:07:07 --> Session: Class initialized using 'CodeIgniter\Session\Handlers\FileHandler' driver.
DEBUG - 2026-10-06 07:07:07 --> Session: Class initialized using 'CodeIgniter\Session\Handlers\FileHandler' driver.
DEBUG - 2026-10-06 07:07:08 --> Session: Class initialized using 'CodeIgniter\Session\Handlers\FileHandler' driver.
INFO - 2026-10-06 07:07:09 --> CSRF token verified.
DEBUG - 2026-10-06 07:07:09 --> Session: Class initialized using 'CodeIgniter\Session\Handlers\FileHandler' driver.
DEBUG - 2026-10-06 07:07:09 --> Session: Class initialized using 'CodeIgniter\Session\Handlers\FileHandler' driver.
DEBUG - 2026-10-06 07:07:45 --> Session: Class initialized using 'CodeIgniter\Session\Handlers\FileHandler' driver.
DEBUG - 2026-10-06 07:07:46 --> Session: Class initialized using 'CodeIgniter\Session\Handlers\FileHandler' driver.
DEBUG - 2026-10-06 07:07:48 --> Session: Class initialized using 'CodeIgniter\Session\Handlers\FileHandler' driver.
DEBUG - 2026-10-06 07:07:49 --> Session: Class initialized using 'CodeIgniter\Session\Handlers\FileHandler' driver.
DEBUG - 2026-10-06 07:08:06 --> Session: Class initialized using 'CodeIgniter\Session\Handlers\FileHandler' driver.
DEBUG - 2026-10-06 07:08:07 --> Session: Class initialized using 'CodeIgniter\Session\Handlers\FileHandler' driver.
DEBUG - 2026-10-06 07:08:08 --> Session: Class initialized using 'CodeIgniter\Session\Handlers\FileHandler' driver.
DEBUG - 2026-10-06 07:08:09 --> Session: Class initialized using 'CodeIgniter\Session\Handlers\FileHandler' driver.
DEBUG - 2026-10-06 07:08:10 --> Session: Class initialized using 'CodeIgniter\Session\Handlers\FileHandler' driver.
DEBUG - 2026-10-06 07:08:11 --> Session: Class initialized using 'CodeIgniter\Session\Handlers\FileHandler' driver.
DEBUG - 2026-10-06 07:08:12 --> Session: Class initialized using 'CodeIgniter\Session\Handlers\FileHandler' driver.
DEBUG - 2026-10-06 07:08:14 --> Session: Class initialized using 'CodeIgniter\Session\Handlers\FileHandler' driver.
DEBUG - 2026-10-06 07:08:15 --> Session: Class initialized using 'CodeIgniter\Session\Handlers\FileHandler' driver.
DEBUG - 2026-10-06 07:08:16 --> Session: Class initialized using 'CodeIgniter\Session\Handlers\FileHandler' driver.
DEBUG - 2026-10-06 07:10:12 --> Session: Class initialized using 'CodeIgniter\Session\Handlers\FileHandler' driver.
DEBUG - 2026-10-06 07:10:14 --> Session: Class initialized using 'CodeIgniter\Session\Handlers\FileHandler' driver.
DEBUG - 2026-10-06 07:10:15 --> Session: Class initialized using 'CodeIgniter\Session\Handlers\FileHandler' driver.
CRITICAL - 2026-10-06 07:10:15 --> CodeIgniter\View\Exceptions\ViewException: Invalid file: "admin/classes/form.php"
[Method: GET, Route: admin/classes/1/edit]
in SYSTEMPATH\Exceptions\FrameworkException.php on line 39.
 1 SYSTEMPATH\View\View.php(228): CodeIgniter\Exceptions\FrameworkException::forInvalidFile('admin/classes/form.php')
 2 SYSTEMPATH\Common.php(1268): CodeIgniter\View\View->render('admin/classes/form', [], true)
 3 APPPATH\Controllers\Admin\Classes.php(67): view('admin/classes/form', [...])
 4 SYSTEMPATH\CodeIgniter.php(974): App\Controllers\Admin\Classes->edit('1')
 5 SYSTEMPATH\CodeIgniter.php(520): CodeIgniter\CodeIgniter->runController(Object(App\Controllers\Admin\Classes))
 6 SYSTEMPATH\CodeIgniter.php(363): CodeIgniter\CodeIgniter->handleRequest(null, Object(Config\Cache), false)
 7 SYSTEMPATH\Boot.php(417): CodeIgniter\CodeIgniter->run()
 8 SYSTEMPATH\Boot.php(68): CodeIgniter\Boot::runCodeIgniter(Object(CodeIgniter\CodeIgniter))
 9 FCPATH\index.php(59): CodeIgniter\Boot::bootWeb(Object(Config\Paths))
10 SYSTEMPATH\rewrite.php(44): require_once('D:\\JOKS\\Yordan\\BELAJAR WETIM\\BELAJAR-WETIM\\public\\index.php')
DEBUG - 2026-10-06 07:10:30 --> Session: Class initialized using 'CodeIgniter\Session\Handlers\FileHandler' driver.
INFO - 2026-10-06 07:10:34 --> CSRF token verified.
DEBUG - 2026-10-06 07:10:34 --> Session: Class initialized using 'CodeIgniter\Session\Handlers\FileHandler' driver.
DEBUG - 2026-10-06 07:10:34 --> Session: Class initialized using 'CodeIgniter\Session\Handlers\FileHandler' driver.
DEBUG - 2026-10-06 07:11:41 --> Session: Class initialized using 'CodeIgniter\Session\Handlers\FileHandler' driver.
DEBUG - 2026-10-06 07:11:42 --> Session: Class initialized using 'CodeIgniter\Session\Handlers\FileHandler' driver.
DEBUG - 2026-10-06 07:11:43 --> Session: Class initialized using 'CodeIgniter\Session\Handlers\FileHandler' driver.
DEBUG - 2026-10-06 07:11:44 --> Session: Class initialized using 'CodeIgniter\Session\Handlers\FileHandler' driver.
DEBUG - 2026-10-06 07:51:44 --> Session: Class initialized using 'CodeIgniter\Session\Handlers\FileHandler' driver.
DEBUG - 2026-10-06 07:51:46 --> Session: Class initialized using 'CodeIgniter\Session\Handlers\FileHandler' driver.
DEBUG - 2026-10-06 07:51:47 --> Session: Class initialized using 'CodeIgniter\Session\Handlers\FileHandler' driver.
DEBUG - 2026-10-06 07:51:49 --> Session: Class initialized using 'CodeIgniter\Session\Handlers\FileHandler' driver.
DEBUG - 2026-10-06 07:52:23 --> Session: Class initialized using 'CodeIgniter\Session\Handlers\FileHandler' driver.
DEBUG - 2026-10-06 07:52:25 --> Session: Class initialized using 'CodeIgniter\Session\Handlers\FileHandler' driver.
DEBUG - 2026-10-06 07:52:25 --> Session: Class initialized using 'CodeIgniter\Session\Handlers\FileHandler' driver.
DEBUG - 2026-10-06 07:52:26 --> Session: Class initialized using 'CodeIgniter\Session\Handlers\FileHandler' driver.
DEBUG - 2026-10-06 07:52:27 --> Session: Class initialized using 'CodeIgniter\Session\Handlers\FileHandler' driver.
DEBUG - 2026-10-06 07:52:28 --> Session: Class initialized using 'CodeIgniter\Session\Handlers\FileHandler' driver.
DEBUG - 2026-10-06 07:52:28 --> Session: Class initialized using 'CodeIgniter\Session\Handlers\FileHandler' driver.
DEBUG - 2026-10-06 07:52:30 --> Session: Class initialized using 'CodeIgniter\Session\Handlers\FileHandler' driver.
DEBUG - 2026-10-06 07:52:31 --> Session: Class initialized using 'CodeIgniter\Session\Handlers\FileHandler' driver.
DEBUG - 2026-10-06 07:52:33 --> Session: Class initialized using 'CodeIgniter\Session\Handlers\FileHandler' driver.
DEBUG - 2026-10-06 07:52:42 --> Session: Class initialized using 'CodeIgniter\Session\Handlers\FileHandler' driver.
DEBUG - 2026-10-06 07:53:28 --> Session: Class initialized using 'CodeIgniter\Session\Handlers\FileHandler' driver.
DEBUG - 2026-10-06 07:53:29 --> Session: Class initialized using 'CodeIgniter\Session\Handlers\FileHandler' driver.
DEBUG - 2026-10-06 07:53:30 --> Session: Class initialized using 'CodeIgniter\Session\Handlers\FileHandler' driver.
DEBUG - 2026-10-06 07:53:30 --> Session: Class initialized using 'CodeIgniter\Session\Handlers\FileHandler' driver.
DEBUG - 2026-10-06 07:53:31 --> Session: Class initialized using 'CodeIgniter\Session\Handlers\FileHandler' driver.
DEBUG - 2026-10-06 07:53:32 --> Session: Class initialized using 'CodeIgniter\Session\Handlers\FileHandler' driver.
DEBUG - 2026-10-06 07:53:34 --> Session: Class initialized using 'CodeIgniter\Session\Handlers\FileHandler' driver.
DEBUG - 2026-10-06 07:54:12 --> Session: Class initialized using 'CodeIgniter\Session\Handlers\FileHandler' driver.
DEBUG - 2026-10-06 07:54:13 --> Session: Class initialized using 'CodeIgniter\Session\Handlers\FileHandler' driver.
DEBUG - 2026-10-06 07:54:14 --> Session: Class initialized using 'CodeIgniter\Session\Handlers\FileHandler' driver.
DEBUG - 2026-10-06 07:54:14 --> Session: Class initialized using 'CodeIgniter\Session\Handlers\FileHandler' driver.
DEBUG - 2026-10-06 07:54:15 --> Session: Class initialized using 'CodeIgniter\Session\Handlers\FileHandler' driver.
DEBUG - 2026-10-06 07:54:16 --> Session: Class initialized using 'CodeIgniter\Session\Handlers\FileHandler' driver.
DEBUG - 2026-10-06 07:54:16 --> Session: Class initialized using 'CodeIgniter\Session\Handlers\FileHandler' driver.
DEBUG - 2026-10-06 07:57:15 --> Session: Class initialized using 'CodeIgniter\Session\Handlers\FileHandler' driver.
DEBUG - 2026-10-06 07:57:17 --> Session: Class initialized using 'CodeIgniter\Session\Handlers\FileHandler' driver.
DEBUG - 2026-10-06 07:57:19 --> Session: Class initialized using 'CodeIgniter\Session\Handlers\FileHandler' driver.
DEBUG - 2026-10-06 08:07:18 --> Session: Class initialized using 'CodeIgniter\Session\Handlers\FileHandler' driver.
DEBUG - 2026-10-06 08:07:20 --> Session: Class initialized using 'CodeIgniter\Session\Handlers\FileHandler' driver.
DEBUG - 2026-10-06 08:07:21 --> Session: Class initialized using 'CodeIgniter\Session\Handlers\FileHandler' driver.
DEBUG - 2026-10-06 08:07:22 --> Session: Class initialized using 'CodeIgniter\Session\Handlers\FileHandler' driver.
DEBUG - 2026-10-06 08:07:24 --> Session: Class initialized using 'CodeIgniter\Session\Handlers\FileHandler' driver.
DEBUG - 2026-10-06 08:07:25 --> Session: Class initialized using 'CodeIgniter\Session\Handlers\FileHandler' driver.
DEBUG - 2026-10-06 08:08:09 --> Session: Class initialized using 'CodeIgniter\Session\Handlers\FileHandler' driver.
DEBUG - 2026-10-06 08:08:13 --> Session: Class initialized using 'CodeIgniter\Session\Handlers\FileHandler' driver.
INFO - 2026-10-06 08:08:15 --> CSRF token verified.
DEBUG - 2026-10-06 08:08:15 --> Session: Class initialized using 'CodeIgniter\Session\Handlers\FileHandler' driver.
DEBUG - 2026-10-06 08:08:15 --> Session: Class initialized using 'CodeIgniter\Session\Handlers\FileHandler' driver.
DEBUG - 2026-10-06 08:10:08 --> Session: Class initialized using 'CodeIgniter\Session\Handlers\FileHandler' driver.
DEBUG - 2026-10-06 08:10:10 --> Session: Class initialized using 'CodeIgniter\Session\Handlers\FileHandler' driver.
DEBUG - 2026-10-06 08:10:28 --> Session: Class initialized using 'CodeIgniter\Session\Handlers\FileHandler' driver.
DEBUG - 2026-10-06 08:10:28 --> Session: Class initialized using 'CodeIgniter\Session\Handlers\FileHandler' driver.
INFO - 2026-10-06 08:10:38 --> CSRF token verified.
DEBUG - 2026-10-06 08:10:39 --> Session: Class initialized using 'CodeIgniter\Session\Handlers\FileHandler' driver.
DEBUG - 2026-10-06 08:10:39 --> Session: Class initialized using 'CodeIgniter\Session\Handlers\FileHandler' driver.
DEBUG - 2026-10-06 08:11:14 --> Session: Class initialized using 'CodeIgniter\Session\Handlers\FileHandler' driver.
DEBUG - 2026-10-06 08:11:16 --> Session: Class initialized using 'CodeIgniter\Session\Handlers\FileHandler' driver.
CRITICAL - 2026-10-06 08:11:16 --> CodeIgniter\View\Exceptions\ViewException: Invalid file: "guru/courses/index.php"
[Method: GET, Route: guru/courses]
in SYSTEMPATH\Exceptions\FrameworkException.php on line 39.
 1 SYSTEMPATH\View\View.php(228): CodeIgniter\Exceptions\FrameworkException::forInvalidFile('guru/courses/index.php')
 2 SYSTEMPATH\Common.php(1268): CodeIgniter\View\View->render('guru/courses/index', [], true)
 3 APPPATH\Controllers\Guru\Courses.php(39): view('guru/courses/index', [...])
 4 SYSTEMPATH\CodeIgniter.php(974): App\Controllers\Guru\Courses->index()
 5 SYSTEMPATH\CodeIgniter.php(520): CodeIgniter\CodeIgniter->runController(Object(App\Controllers\Guru\Courses))
 6 SYSTEMPATH\CodeIgniter.php(363): CodeIgniter\CodeIgniter->handleRequest(null, Object(Config\Cache), false)
 7 SYSTEMPATH\Boot.php(417): CodeIgniter\CodeIgniter->run()
 8 SYSTEMPATH\Boot.php(68): CodeIgniter\Boot::runCodeIgniter(Object(CodeIgniter\CodeIgniter))
 9 FCPATH\index.php(59): CodeIgniter\Boot::bootWeb(Object(Config\Paths))
10 SYSTEMPATH\rewrite.php(44): require_once('D:\\JOKS\\Yordan\\BELAJAR WETIM\\BELAJAR-WETIM\\public\\index.php')
DEBUG - 2026-10-06 08:11:21 --> Session: Class initialized using 'CodeIgniter\Session\Handlers\FileHandler' driver.
DEBUG - 2026-10-06 08:13:49 --> Session: Class initialized using 'CodeIgniter\Session\Handlers\FileHandler' driver.
DEBUG - 2026-10-06 08:13:51 --> Session: Class initialized using 'CodeIgniter\Session\Handlers\FileHandler' driver.
DEBUG - 2026-10-06 08:13:52 --> Session: Class initialized using 'CodeIgniter\Session\Handlers\FileHandler' driver.
DEBUG - 2026-10-06 08:13:56 --> Session: Class initialized using 'CodeIgniter\Session\Handlers\FileHandler' driver.
CRITICAL - 2026-10-06 08:13:56 --> ErrorException: Undefined variable $formAction
[Method: GET, Route: guru/courses/1/materials/create]
in APPPATH\Views\guru\materials\_form.php on line 7.
 1 APPPATH\Views\guru\materials\_form.php(7): CodeIgniter\Debug\Exceptions->errorHandler(2, 'Undefined variable $formAction', 'D:\\JOKS\\Yordan\\BELAJAR WETIM\\BELAJAR-WETIM\\app\\Views\\guru\\materials\\_form.php', 7)
 2 SYSTEMPATH\View\View.php(240): include('D:\\JOKS\\Yordan\\BELAJAR WETIM\\BELAJAR-WETIM\\app\\Views\\guru\\materials\\_form.php')
 3 SYSTEMPATH\View\View.php(243): CodeIgniter\View\View->{closure:CodeIgniter\View\View::render():237}()
 4 SYSTEMPATH\View\View.php(489): CodeIgniter\View\View->render('guru/materials/_form', [...], true)
 5 APPPATH\Views\guru\materials\create.php(4): CodeIgniter\View\View->include('guru/materials/_form', [...])
 6 SYSTEMPATH\View\View.php(240): include('D:\\JOKS\\Yordan\\BELAJAR WETIM\\BELAJAR-WETIM\\app\\Views\\guru\\materials\\create.php')
 7 SYSTEMPATH\View\View.php(243): CodeIgniter\View\View->{closure:CodeIgniter\View\View::render():237}()
 8 SYSTEMPATH\Common.php(1268): CodeIgniter\View\View->render('guru/materials/create', [], true)
 9 APPPATH\Controllers\Guru\Materials.php(68): view('guru/materials/create', [...])
10 SYSTEMPATH\CodeIgniter.php(974): App\Controllers\Guru\Materials->create('1')
11 SYSTEMPATH\CodeIgniter.php(520): CodeIgniter\CodeIgniter->runController(Object(App\Controllers\Guru\Materials))
12 SYSTEMPATH\CodeIgniter.php(363): CodeIgniter\CodeIgniter->handleRequest(null, Object(Config\Cache), false)
13 SYSTEMPATH\Boot.php(417): CodeIgniter\CodeIgniter->run()
14 SYSTEMPATH\Boot.php(68): CodeIgniter\Boot::runCodeIgniter(Object(CodeIgniter\CodeIgniter))
15 FCPATH\index.php(59): CodeIgniter\Boot::bootWeb(Object(Config\Paths))
16 SYSTEMPATH\rewrite.php(44): require_once('D:\\JOKS\\Yordan\\BELAJAR WETIM\\BELAJAR-WETIM\\public\\index.php')
DEBUG - 2026-10-06 08:14:28 --> Session: Class initialized using 'CodeIgniter\Session\Handlers\FileHandler' driver.
DEBUG - 2026-10-06 08:14:30 --> Session: Class initialized using 'CodeIgniter\Session\Handlers\FileHandler' driver.
CRITICAL - 2026-10-06 08:14:30 --> ErrorException: Undefined variable $formAction
[Method: GET, Route: guru/courses/1/materials/create]
in APPPATH\Views\guru\materials\_form.php on line 7.
 1 APPPATH\Views\guru\materials\_form.php(7): CodeIgniter\Debug\Exceptions->errorHandler(2, 'Undefined variable $formAction', 'D:\\JOKS\\Yordan\\BELAJAR WETIM\\BELAJAR-WETIM\\app\\Views\\guru\\materials\\_form.php', 7)
 2 SYSTEMPATH\View\View.php(240): include('D:\\JOKS\\Yordan\\BELAJAR WETIM\\BELAJAR-WETIM\\app\\Views\\guru\\materials\\_form.php')
 3 SYSTEMPATH\View\View.php(243): CodeIgniter\View\View->{closure:CodeIgniter\View\View::render():237}()
 4 SYSTEMPATH\View\View.php(489): CodeIgniter\View\View->render('guru/materials/_form', [...], true)
 5 APPPATH\Views\guru\materials\create.php(4): CodeIgniter\View\View->include('guru/materials/_form', [...])
 6 SYSTEMPATH\View\View.php(240): include('D:\\JOKS\\Yordan\\BELAJAR WETIM\\BELAJAR-WETIM\\app\\Views\\guru\\materials\\create.php')
 7 SYSTEMPATH\View\View.php(243): CodeIgniter\View\View->{closure:CodeIgniter\View\View::render():237}()
 8 SYSTEMPATH\Common.php(1268): CodeIgniter\View\View->render('guru/materials/create', [], true)
 9 APPPATH\Controllers\Guru\Materials.php(68): view('guru/materials/create', [...])
10 SYSTEMPATH\CodeIgniter.php(974): App\Controllers\Guru\Materials->create('1')
11 SYSTEMPATH\CodeIgniter.php(520): CodeIgniter\CodeIgniter->runController(Object(App\Controllers\Guru\Materials))
12 SYSTEMPATH\CodeIgniter.php(363): CodeIgniter\CodeIgniter->handleRequest(null, Object(Config\Cache), false)
13 SYSTEMPATH\Boot.php(417): CodeIgniter\CodeIgniter->run()
14 SYSTEMPATH\Boot.php(68): CodeIgniter\Boot::runCodeIgniter(Object(CodeIgniter\CodeIgniter))
15 FCPATH\index.php(59): CodeIgniter\Boot::bootWeb(Object(Config\Paths))
16 SYSTEMPATH\rewrite.php(44): require_once('D:\\JOKS\\Yordan\\BELAJAR WETIM\\BELAJAR-WETIM\\public\\index.php')
DEBUG - 2026-10-06 08:14:43 --> Session: Class initialized using 'CodeIgniter\Session\Handlers\FileHandler' driver.
CRITICAL - 2026-10-06 08:14:43 --> CodeIgniter\View\Exceptions\ViewException: Invalid file: "guru/materials/_form.php"
[Method: GET, Route: guru/courses/1/materials/create]
in SYSTEMPATH\Exceptions\FrameworkException.php on line 39.
 1 SYSTEMPATH\View\View.php(228): CodeIgniter\Exceptions\FrameworkException::forInvalidFile('guru/materials/_form.php')
 2 SYSTEMPATH\View\View.php(489): CodeIgniter\View\View->render('guru/materials/_form', [...], true)
 3 APPPATH\Views\guru\materials\create.php(4): CodeIgniter\View\View->include('guru/materials/_form', [...])
 4 SYSTEMPATH\View\View.php(240): include('D:\\JOKS\\Yordan\\BELAJAR WETIM\\BELAJAR-WETIM\\app\\Views\\guru\\materials\\create.php')
 5 SYSTEMPATH\View\View.php(243): CodeIgniter\View\View->{closure:CodeIgniter\View\View::render():237}()
 6 SYSTEMPATH\Common.php(1268): CodeIgniter\View\View->render('guru/materials/create', [], true)
 7 APPPATH\Controllers\Guru\Materials.php(68): view('guru/materials/create', [...])
 8 SYSTEMPATH\CodeIgniter.php(974): App\Controllers\Guru\Materials->create('1')
 9 SYSTEMPATH\CodeIgniter.php(520): CodeIgniter\CodeIgniter->runController(Object(App\Controllers\Guru\Materials))
10 SYSTEMPATH\CodeIgniter.php(363): CodeIgniter\CodeIgniter->handleRequest(null, Object(Config\Cache), false)
11 SYSTEMPATH\Boot.php(417): CodeIgniter\CodeIgniter->run()
12 SYSTEMPATH\Boot.php(68): CodeIgniter\Boot::runCodeIgniter(Object(CodeIgniter\CodeIgniter))
13 FCPATH\index.php(59): CodeIgniter\Boot::bootWeb(Object(Config\Paths))
14 SYSTEMPATH\rewrite.php(44): require_once('D:\\JOKS\\Yordan\\BELAJAR WETIM\\BELAJAR-WETIM\\public\\index.php')
DEBUG - 2026-10-06 08:14:44 --> Session: Class initialized using 'CodeIgniter\Session\Handlers\FileHandler' driver.
CRITICAL - 2026-10-06 08:14:44 --> CodeIgniter\View\Exceptions\ViewException: Invalid file: "guru/materials/_form.php"
[Method: GET, Route: guru/courses/1/materials/create]
in SYSTEMPATH\Exceptions\FrameworkException.php on line 39.
 1 SYSTEMPATH\View\View.php(228): CodeIgniter\Exceptions\FrameworkException::forInvalidFile('guru/materials/_form.php')
 2 SYSTEMPATH\View\View.php(489): CodeIgniter\View\View->render('guru/materials/_form', [...], true)
 3 APPPATH\Views\guru\materials\create.php(4): CodeIgniter\View\View->include('guru/materials/_form', [...])
 4 SYSTEMPATH\View\View.php(240): include('D:\\JOKS\\Yordan\\BELAJAR WETIM\\BELAJAR-WETIM\\app\\Views\\guru\\materials\\create.php')
 5 SYSTEMPATH\View\View.php(243): CodeIgniter\View\View->{closure:CodeIgniter\View\View::render():237}()
 6 SYSTEMPATH\Common.php(1268): CodeIgniter\View\View->render('guru/materials/create', [], true)
 7 APPPATH\Controllers\Guru\Materials.php(68): view('guru/materials/create', [...])
 8 SYSTEMPATH\CodeIgniter.php(974): App\Controllers\Guru\Materials->create('1')
 9 SYSTEMPATH\CodeIgniter.php(520): CodeIgniter\CodeIgniter->runController(Object(App\Controllers\Guru\Materials))
10 SYSTEMPATH\CodeIgniter.php(363): CodeIgniter\CodeIgniter->handleRequest(null, Object(Config\Cache), false)
11 SYSTEMPATH\Boot.php(417): CodeIgniter\CodeIgniter->run()
12 SYSTEMPATH\Boot.php(68): CodeIgniter\Boot::runCodeIgniter(Object(CodeIgniter\CodeIgniter))
13 FCPATH\index.php(59): CodeIgniter\Boot::bootWeb(Object(Config\Paths))
14 SYSTEMPATH\rewrite.php(44): require_once('D:\\JOKS\\Yordan\\BELAJAR WETIM\\BELAJAR-WETIM\\public\\index.php')
DEBUG - 2026-10-06 08:14:45 --> Session: Class initialized using 'CodeIgniter\Session\Handlers\FileHandler' driver.
CRITICAL - 2026-10-06 08:14:45 --> CodeIgniter\View\Exceptions\ViewException: Invalid file: "guru/materials/_form.php"
[Method: GET, Route: guru/courses/1/materials/create]
in SYSTEMPATH\Exceptions\FrameworkException.php on line 39.
 1 SYSTEMPATH\View\View.php(228): CodeIgniter\Exceptions\FrameworkException::forInvalidFile('guru/materials/_form.php')
 2 SYSTEMPATH\View\View.php(489): CodeIgniter\View\View->render('guru/materials/_form', [...], true)
 3 APPPATH\Views\guru\materials\create.php(4): CodeIgniter\View\View->include('guru/materials/_form', [...])
 4 SYSTEMPATH\View\View.php(240): include('D:\\JOKS\\Yordan\\BELAJAR WETIM\\BELAJAR-WETIM\\app\\Views\\guru\\materials\\create.php')
 5 SYSTEMPATH\View\View.php(243): CodeIgniter\View\View->{closure:CodeIgniter\View\View::render():237}()
 6 SYSTEMPATH\Common.php(1268): CodeIgniter\View\View->render('guru/materials/create', [], true)
 7 APPPATH\Controllers\Guru\Materials.php(68): view('guru/materials/create', [...])
 8 SYSTEMPATH\CodeIgniter.php(974): App\Controllers\Guru\Materials->create('1')
 9 SYSTEMPATH\CodeIgniter.php(520): CodeIgniter\CodeIgniter->runController(Object(App\Controllers\Guru\Materials))
10 SYSTEMPATH\CodeIgniter.php(363): CodeIgniter\CodeIgniter->handleRequest(null, Object(Config\Cache), false)
11 SYSTEMPATH\Boot.php(417): CodeIgniter\CodeIgniter->run()
12 SYSTEMPATH\Boot.php(68): CodeIgniter\Boot::runCodeIgniter(Object(CodeIgniter\CodeIgniter))
13 FCPATH\index.php(59): CodeIgniter\Boot::bootWeb(Object(Config\Paths))
14 SYSTEMPATH\rewrite.php(44): require_once('D:\\JOKS\\Yordan\\BELAJAR WETIM\\BELAJAR-WETIM\\public\\index.php')
DEBUG - 2026-10-06 08:14:46 --> Session: Class initialized using 'CodeIgniter\Session\Handlers\FileHandler' driver.
DEBUG - 2026-10-06 08:14:47 --> Session: Class initialized using 'CodeIgniter\Session\Handlers\FileHandler' driver.
CRITICAL - 2026-10-06 08:14:48 --> CodeIgniter\View\Exceptions\ViewException: Invalid file: "guru/materials/_form.php"
[Method: GET, Route: guru/courses/1/materials/create]
in SYSTEMPATH\Exceptions\FrameworkException.php on line 39.
 1 SYSTEMPATH\View\View.php(228): CodeIgniter\Exceptions\FrameworkException::forInvalidFile('guru/materials/_form.php')
 2 SYSTEMPATH\View\View.php(489): CodeIgniter\View\View->render('guru/materials/_form', [...], true)
 3 APPPATH\Views\guru\materials\create.php(4): CodeIgniter\View\View->include('guru/materials/_form', [...])
 4 SYSTEMPATH\View\View.php(240): include('D:\\JOKS\\Yordan\\BELAJAR WETIM\\BELAJAR-WETIM\\app\\Views\\guru\\materials\\create.php')
 5 SYSTEMPATH\View\View.php(243): CodeIgniter\View\View->{closure:CodeIgniter\View\View::render():237}()
 6 SYSTEMPATH\Common.php(1268): CodeIgniter\View\View->render('guru/materials/create', [], true)
 7 APPPATH\Controllers\Guru\Materials.php(68): view('guru/materials/create', [...])
 8 SYSTEMPATH\CodeIgniter.php(974): App\Controllers\Guru\Materials->create('1')
 9 SYSTEMPATH\CodeIgniter.php(520): CodeIgniter\CodeIgniter->runController(Object(App\Controllers\Guru\Materials))
10 SYSTEMPATH\CodeIgniter.php(363): CodeIgniter\CodeIgniter->handleRequest(null, Object(Config\Cache), false)
11 SYSTEMPATH\Boot.php(417): CodeIgniter\CodeIgniter->run()
12 SYSTEMPATH\Boot.php(68): CodeIgniter\Boot::runCodeIgniter(Object(CodeIgniter\CodeIgniter))
13 FCPATH\index.php(59): CodeIgniter\Boot::bootWeb(Object(Config\Paths))
14 SYSTEMPATH\rewrite.php(44): require_once('D:\\JOKS\\Yordan\\BELAJAR WETIM\\BELAJAR-WETIM\\public\\index.php')
DEBUG - 2026-10-06 08:15:18 --> Session: Class initialized using 'CodeIgniter\Session\Handlers\FileHandler' driver.
INFO - 2026-10-06 08:15:48 --> CSRF token verified.
DEBUG - 2026-10-06 08:15:48 --> Session: Class initialized using 'CodeIgniter\Session\Handlers\FileHandler' driver.
DEBUG - 2026-10-06 08:15:48 --> Session: Class initialized using 'CodeIgniter\Session\Handlers\FileHandler' driver.
INFO - 2026-10-06 08:15:51 --> CSRF token verified.
DEBUG - 2026-10-06 08:15:51 --> Session: Class initialized using 'CodeIgniter\Session\Handlers\FileHandler' driver.
DEBUG - 2026-10-06 08:15:51 --> Session: Class initialized using 'CodeIgniter\Session\Handlers\FileHandler' driver.
DEBUG - 2026-10-06 08:16:11 --> Session: Class initialized using 'CodeIgniter\Session\Handlers\FileHandler' driver.
DEBUG - 2026-10-06 08:16:11 --> Session: Class initialized using 'CodeIgniter\Session\Handlers\FileHandler' driver.
INFO - 2026-10-06 08:16:29 --> CSRF token verified.
DEBUG - 2026-10-06 08:16:29 --> Session: Class initialized using 'CodeIgniter\Session\Handlers\FileHandler' driver.
DEBUG - 2026-10-06 08:16:29 --> Session: Class initialized using 'CodeIgniter\Session\Handlers\FileHandler' driver.
DEBUG - 2026-10-06 08:16:32 --> Session: Class initialized using 'CodeIgniter\Session\Handlers\FileHandler' driver.
DEBUG - 2026-10-06 08:16:34 --> Session: Class initialized using 'CodeIgniter\Session\Handlers\FileHandler' driver.
DEBUG - 2026-10-06 08:16:36 --> Session: Class initialized using 'CodeIgniter\Session\Handlers\FileHandler' driver.
DEBUG - 2026-10-06 08:16:41 --> Session: Class initialized using 'CodeIgniter\Session\Handlers\FileHandler' driver.
DEBUG - 2026-10-06 08:16:43 --> Session: Class initialized using 'CodeIgniter\Session\Handlers\FileHandler' driver.
DEBUG - 2026-10-06 08:16:49 --> Session: Class initialized using 'CodeIgniter\Session\Handlers\FileHandler' driver.
DEBUG - 2026-10-06 08:16:55 --> Session: Class initialized using 'CodeIgniter\Session\Handlers\FileHandler' driver.
DEBUG - 2026-10-06 08:16:57 --> Session: Class initialized using 'CodeIgniter\Session\Handlers\FileHandler' driver.
DEBUG - 2026-10-06 08:17:44 --> Session: Class initialized using 'CodeIgniter\Session\Handlers\FileHandler' driver.
DEBUG - 2026-10-06 08:17:45 --> Session: Class initialized using 'CodeIgniter\Session\Handlers\FileHandler' driver.
DEBUG - 2026-10-06 08:17:47 --> Session: Class initialized using 'CodeIgniter\Session\Handlers\FileHandler' driver.
DEBUG - 2026-10-06 08:17:48 --> Session: Class initialized using 'CodeIgniter\Session\Handlers\FileHandler' driver.
DEBUG - 2026-10-06 08:17:48 --> Session: Class initialized using 'CodeIgniter\Session\Handlers\FileHandler' driver.
DEBUG - 2026-10-06 08:17:50 --> Session: Class initialized using 'CodeIgniter\Session\Handlers\FileHandler' driver.
DEBUG - 2026-10-06 08:17:52 --> Session: Class initialized using 'CodeIgniter\Session\Handlers\FileHandler' driver.
DEBUG - 2026-10-06 08:18:01 --> Session: Class initialized using 'CodeIgniter\Session\Handlers\FileHandler' driver.
DEBUG - 2026-10-06 08:18:02 --> Session: Class initialized using 'CodeIgniter\Session\Handlers\FileHandler' driver.
DEBUG - 2026-10-06 08:18:02 --> Session: Class initialized using 'CodeIgniter\Session\Handlers\FileHandler' driver.
DEBUG - 2026-10-06 08:18:28 --> Session: Class initialized using 'CodeIgniter\Session\Handlers\FileHandler' driver.
INFO - 2026-10-06 08:18:47 --> CSRF token verified.
DEBUG - 2026-10-06 08:18:47 --> Session: Class initialized using 'CodeIgniter\Session\Handlers\FileHandler' driver.
DEBUG - 2026-10-06 08:18:47 --> Session: Class initialized using 'CodeIgniter\Session\Handlers\FileHandler' driver.
DEBUG - 2026-10-06 08:18:53 --> Session: Class initialized using 'CodeIgniter\Session\Handlers\FileHandler' driver.
DEBUG - 2026-10-06 08:18:54 --> Session: Class initialized using 'CodeIgniter\Session\Handlers\FileHandler' driver.
DEBUG - 2026-10-06 08:18:55 --> Session: Class initialized using 'CodeIgniter\Session\Handlers\FileHandler' driver.
DEBUG - 2026-10-06 08:18:56 --> Session: Class initialized using 'CodeIgniter\Session\Handlers\FileHandler' driver.
DEBUG - 2026-10-06 08:19:32 --> Session: Class initialized using 'CodeIgniter\Session\Handlers\FileHandler' driver.
DEBUG - 2026-10-06 08:19:35 --> Session: Class initialized using 'CodeIgniter\Session\Handlers\FileHandler' driver.
DEBUG - 2026-10-06 08:19:38 --> Session: Class initialized using 'CodeIgniter\Session\Handlers\FileHandler' driver.
DEBUG - 2026-10-06 08:21:45 --> Session: Class initialized using 'CodeIgniter\Session\Handlers\FileHandler' driver.
DEBUG - 2026-10-06 08:21:47 --> Session: Class initialized using 'CodeIgniter\Session\Handlers\FileHandler' driver.
DEBUG - 2026-10-06 08:21:49 --> Session: Class initialized using 'CodeIgniter\Session\Handlers\FileHandler' driver.
DEBUG - 2026-10-06 08:21:50 --> Session: Class initialized using 'CodeIgniter\Session\Handlers\FileHandler' driver.
DEBUG - 2026-10-06 08:21:53 --> Session: Class initialized using 'CodeIgniter\Session\Handlers\FileHandler' driver.
DEBUG - 2026-10-06 08:21:54 --> Session: Class initialized using 'CodeIgniter\Session\Handlers\FileHandler' driver.
DEBUG - 2026-10-06 08:21:55 --> Session: Class initialized using 'CodeIgniter\Session\Handlers\FileHandler' driver.
DEBUG - 2026-10-06 08:21:57 --> Session: Class initialized using 'CodeIgniter\Session\Handlers\FileHandler' driver.
DEBUG - 2026-10-06 08:21:59 --> Session: Class initialized using 'CodeIgniter\Session\Handlers\FileHandler' driver.
DEBUG - 2026-10-06 08:22:12 --> Session: Class initialized using 'CodeIgniter\Session\Handlers\FileHandler' driver.
DEBUG - 2026-10-06 08:22:23 --> Session: Class initialized using 'CodeIgniter\Session\Handlers\FileHandler' driver.
DEBUG - 2026-10-06 08:22:24 --> Session: Class initialized using 'CodeIgniter\Session\Handlers\FileHandler' driver.
DEBUG - 2026-10-06 08:22:25 --> Session: Class initialized using 'CodeIgniter\Session\Handlers\FileHandler' driver.
DEBUG - 2026-10-06 08:22:27 --> Session: Class initialized using 'CodeIgniter\Session\Handlers\FileHandler' driver.
INFO - 2026-10-06 08:22:31 --> CSRF token verified.
DEBUG - 2026-10-06 08:22:31 --> Session: Class initialized using 'CodeIgniter\Session\Handlers\FileHandler' driver.
DEBUG - 2026-10-06 08:22:31 --> Session: Class initialized using 'CodeIgniter\Session\Handlers\FileHandler' driver.
DEBUG - 2026-10-06 08:22:35 --> Session: Class initialized using 'CodeIgniter\Session\Handlers\FileHandler' driver.
DEBUG - 2026-10-06 08:22:39 --> Session: Class initialized using 'CodeIgniter\Session\Handlers\FileHandler' driver.
DEBUG - 2026-10-06 08:22:41 --> Session: Class initialized using 'CodeIgniter\Session\Handlers\FileHandler' driver.
DEBUG - 2026-10-06 08:22:44 --> Session: Class initialized using 'CodeIgniter\Session\Handlers\FileHandler' driver.
DEBUG - 2026-10-06 08:22:46 --> Session: Class initialized using 'CodeIgniter\Session\Handlers\FileHandler' driver.
DEBUG - 2026-10-06 08:22:48 --> Session: Class initialized using 'CodeIgniter\Session\Handlers\FileHandler' driver.
DEBUG - 2026-10-06 08:22:52 --> Session: Class initialized using 'CodeIgniter\Session\Handlers\FileHandler' driver.
DEBUG - 2026-10-06 08:24:37 --> Session: Class initialized using 'CodeIgniter\Session\Handlers\FileHandler' driver.
DEBUG - 2026-10-06 08:24:38 --> Session: Class initialized using 'CodeIgniter\Session\Handlers\FileHandler' driver.
DEBUG - 2026-10-06 08:24:44 --> Session: Class initialized using 'CodeIgniter\Session\Handlers\FileHandler' driver.
DEBUG - 2026-10-06 08:24:45 --> Session: Class initialized using 'CodeIgniter\Session\Handlers\FileHandler' driver.
DEBUG - 2026-10-06 08:24:46 --> Session: Class initialized using 'CodeIgniter\Session\Handlers\FileHandler' driver.
DEBUG - 2026-10-06 08:24:54 --> Session: Class initialized using 'CodeIgniter\Session\Handlers\FileHandler' driver.
DEBUG - 2026-10-06 08:24:55 --> Session: Class initialized using 'CodeIgniter\Session\Handlers\FileHandler' driver.
DEBUG - 2026-10-06 08:24:56 --> Session: Class initialized using 'CodeIgniter\Session\Handlers\FileHandler' driver.
DEBUG - 2026-10-06 08:24:57 --> Session: Class initialized using 'CodeIgniter\Session\Handlers\FileHandler' driver.
DEBUG - 2026-10-06 08:24:58 --> Session: Class initialized using 'CodeIgniter\Session\Handlers\FileHandler' driver.
DEBUG - 2026-10-06 08:24:59 --> Session: Class initialized using 'CodeIgniter\Session\Handlers\FileHandler' driver.
DEBUG - 2026-10-06 08:25:02 --> Session: Class initialized using 'CodeIgniter\Session\Handlers\FileHandler' driver.
DEBUG - 2026-10-06 08:29:22 --> Session: Class initialized using 'CodeIgniter\Session\Handlers\FileHandler' driver.
DEBUG - 2026-10-06 08:29:23 --> Session: Class initialized using 'CodeIgniter\Session\Handlers\FileHandler' driver.
DEBUG - 2026-10-06 08:29:25 --> Session: Class initialized using 'CodeIgniter\Session\Handlers\FileHandler' driver.
DEBUG - 2026-10-06 08:29:27 --> Session: Class initialized using 'CodeIgniter\Session\Handlers\FileHandler' driver.
DEBUG - 2026-10-06 08:29:35 --> Session: Class initialized using 'CodeIgniter\Session\Handlers\FileHandler' driver.
DEBUG - 2026-10-06 08:31:22 --> Session: Class initialized using 'CodeIgniter\Session\Handlers\FileHandler' driver.
DEBUG - 2026-10-06 08:33:47 --> Session: Class initialized using 'CodeIgniter\Session\Handlers\FileHandler' driver.
DEBUG - 2026-10-06 08:33:48 --> Session: Class initialized using 'CodeIgniter\Session\Handlers\FileHandler' driver.
INFO - 2026-10-06 08:33:48 --> CSRF token verified.
DEBUG - 2026-10-06 08:33:48 --> Session: Class initialized using 'CodeIgniter\Session\Handlers\FileHandler' driver.
DEBUG - 2026-10-06 08:33:48 --> Session: Class initialized using 'CodeIgniter\Session\Handlers\FileHandler' driver.
DEBUG - 2026-10-06 08:33:48 --> Session: Class initialized using 'CodeIgniter\Session\Handlers\FileHandler' driver.
DEBUG - 2026-10-06 08:33:48 --> Session: Class initialized using 'CodeIgniter\Session\Handlers\FileHandler' driver.
INFO - 2026-10-06 08:33:48 --> CSRF token verified.
DEBUG - 2026-10-06 08:33:48 --> Session: Class initialized using 'CodeIgniter\Session\Handlers\FileHandler' driver.
DEBUG - 2026-10-06 08:33:48 --> Session: Class initialized using 'CodeIgniter\Session\Handlers\FileHandler' driver.
DEBUG - 2026-10-06 08:33:48 --> Session: Class initialized using 'CodeIgniter\Session\Handlers\FileHandler' driver.
DEBUG - 2026-10-06 08:33:48 --> Session: Class initialized using 'CodeIgniter\Session\Handlers\FileHandler' driver.
INFO - 2026-10-06 08:33:48 --> CSRF token verified.
DEBUG - 2026-10-06 08:33:48 --> Session: Class initialized using 'CodeIgniter\Session\Handlers\FileHandler' driver.
DEBUG - 2026-10-06 08:33:48 --> Session: Class initialized using 'CodeIgniter\Session\Handlers\FileHandler' driver.
DEBUG - 2026-10-06 08:33:49 --> Session: Class initialized using 'CodeIgniter\Session\Handlers\FileHandler' driver.
DEBUG - 2026-10-06 08:33:49 --> Session: Class initialized using 'CodeIgniter\Session\Handlers\FileHandler' driver.
INFO - 2026-10-06 08:33:49 --> CSRF token verified.
DEBUG - 2026-10-06 08:33:49 --> Session: Class initialized using 'CodeIgniter\Session\Handlers\FileHandler' driver.
DEBUG - 2026-10-06 08:33:49 --> Session: Class initialized using 'CodeIgniter\Session\Handlers\FileHandler' driver.
DEBUG - 2026-10-06 08:33:49 --> Session: Class initialized using 'CodeIgniter\Session\Handlers\FileHandler' driver.
DEBUG - 2026-10-06 08:33:49 --> Session: Class initialized using 'CodeIgniter\Session\Handlers\FileHandler' driver.
INFO - 2026-10-06 08:33:49 --> CSRF token verified.
DEBUG - 2026-10-06 08:33:49 --> Session: Class initialized using 'CodeIgniter\Session\Handlers\FileHandler' driver.
DEBUG - 2026-10-06 08:33:49 --> Session: Class initialized using 'CodeIgniter\Session\Handlers\FileHandler' driver.
DEBUG - 2026-10-06 08:33:49 --> Session: Class initialized using 'CodeIgniter\Session\Handlers\FileHandler' driver.
DEBUG - 2026-10-06 08:33:49 --> Session: Class initialized using 'CodeIgniter\Session\Handlers\FileHandler' driver.
DEBUG - 2026-10-06 08:33:49 --> Session: Class initialized using 'CodeIgniter\Session\Handlers\FileHandler' driver.
DEBUG - 2026-10-06 08:33:49 --> Session: Class initialized using 'CodeIgniter\Session\Handlers\FileHandler' driver.
DEBUG - 2026-10-06 08:33:49 --> Session: Class initialized using 'CodeIgniter\Session\Handlers\FileHandler' driver.
DEBUG - 2026-10-06 08:33:49 --> Session: Class initialized using 'CodeIgniter\Session\Handlers\FileHandler' driver.
DEBUG - 2026-10-06 08:33:49 --> Session: Class initialized using 'CodeIgniter\Session\Handlers\FileHandler' driver.
DEBUG - 2026-10-06 08:33:50 --> Session: Class initialized using 'CodeIgniter\Session\Handlers\FileHandler' driver.
DEBUG - 2026-10-06 08:33:50 --> Session: Class initialized using 'CodeIgniter\Session\Handlers\FileHandler' driver.
DEBUG - 2026-10-06 08:33:50 --> Session: Class initialized using 'CodeIgniter\Session\Handlers\FileHandler' driver.
DEBUG - 2026-10-06 08:33:50 --> Session: Class initialized using 'CodeIgniter\Session\Handlers\FileHandler' driver.
DEBUG - 2026-10-06 08:33:50 --> Session: Class initialized using 'CodeIgniter\Session\Handlers\FileHandler' driver.
DEBUG - 2026-10-06 08:33:50 --> Session: Class initialized using 'CodeIgniter\Session\Handlers\FileHandler' driver.
DEBUG - 2026-10-06 08:33:50 --> Session: Class initialized using 'CodeIgniter\Session\Handlers\FileHandler' driver.
DEBUG - 2026-10-06 08:33:50 --> Session: Class initialized using 'CodeIgniter\Session\Handlers\FileHandler' driver.
DEBUG - 2026-10-06 08:33:50 --> Session: Class initialized using 'CodeIgniter\Session\Handlers\FileHandler' driver.
DEBUG - 2026-10-06 08:33:50 --> Session: Class initialized using 'CodeIgniter\Session\Handlers\FileHandler' driver.
DEBUG - 2026-10-06 08:33:50 --> Session: Class initialized using 'CodeIgniter\Session\Handlers\FileHandler' driver.
DEBUG - 2026-10-06 08:33:50 --> Session: Class initialized using 'CodeIgniter\Session\Handlers\FileHandler' driver.
DEBUG - 2026-10-06 08:33:50 --> Session: Class initialized using 'CodeIgniter\Session\Handlers\FileHandler' driver.
DEBUG - 2026-10-06 08:33:50 --> Session: Class initialized using 'CodeIgniter\Session\Handlers\FileHandler' driver.
DEBUG - 2026-10-06 08:33:50 --> Session: Class initialized using 'CodeIgniter\Session\Handlers\FileHandler' driver.
DEBUG - 2026-10-06 08:33:50 --> Session: Class initialized using 'CodeIgniter\Session\Handlers\FileHandler' driver.
DEBUG - 2026-10-06 08:33:50 --> Session: Class initialized using 'CodeIgniter\Session\Handlers\FileHandler' driver.
DEBUG - 2026-10-06 08:33:50 --> Session: Class initialized using 'CodeIgniter\Session\Handlers\FileHandler' driver.
DEBUG - 2026-10-06 08:33:50 --> Session: Class initialized using 'CodeIgniter\Session\Handlers\FileHandler' driver.
DEBUG - 2026-10-06 08:33:50 --> Session: Class initialized using 'CodeIgniter\Session\Handlers\FileHandler' driver.
INFO - 2026-10-06 08:33:50 --> CSRF token verified.
DEBUG - 2026-10-06 08:33:50 --> Session: Class initialized using 'CodeIgniter\Session\Handlers\FileHandler' driver.
DEBUG - 2026-10-06 08:33:50 --> Session: Class initialized using 'CodeIgniter\Session\Handlers\FileHandler' driver.
INFO - 2026-10-06 08:33:51 --> CSRF token verified.
DEBUG - 2026-10-06 08:33:51 --> Session: Class initialized using 'CodeIgniter\Session\Handlers\FileHandler' driver.
DEBUG - 2026-10-06 08:33:51 --> Session: Class initialized using 'CodeIgniter\Session\Handlers\FileHandler' driver.
INFO - 2026-10-06 08:33:51 --> CSRF token verified.
DEBUG - 2026-10-06 08:33:51 --> Session: Class initialized using 'CodeIgniter\Session\Handlers\FileHandler' driver.
DEBUG - 2026-10-06 08:33:51 --> Session: Class initialized using 'CodeIgniter\Session\Handlers\FileHandler' driver.
DEBUG - 2026-10-06 08:33:51 --> Session: Class initialized using 'CodeIgniter\Session\Handlers\FileHandler' driver.
DEBUG - 2026-10-06 08:33:51 --> Session: Class initialized using 'CodeIgniter\Session\Handlers\FileHandler' driver.
DEBUG - 2026-10-06 08:33:51 --> Session: Class initialized using 'CodeIgniter\Session\Handlers\FileHandler' driver.
INFO - 2026-10-06 08:33:51 --> CSRF token verified.
DEBUG - 2026-10-06 08:33:51 --> Session: Class initialized using 'CodeIgniter\Session\Handlers\FileHandler' driver.
DEBUG - 2026-10-06 08:33:51 --> Session: Class initialized using 'CodeIgniter\Session\Handlers\FileHandler' driver.
INFO - 2026-10-06 08:33:51 --> CSRF token verified.
DEBUG - 2026-10-06 08:33:51 --> Session: Class initialized using 'CodeIgniter\Session\Handlers\FileHandler' driver.
DEBUG - 2026-10-06 08:33:51 --> Session: Class initialized using 'CodeIgniter\Session\Handlers\FileHandler' driver.
DEBUG - 2026-10-06 08:33:51 --> Session: Class initialized using 'CodeIgniter\Session\Handlers\FileHandler' driver.
DEBUG - 2026-10-06 08:33:51 --> Session: Class initialized using 'CodeIgniter\Session\Handlers\FileHandler' driver.
DEBUG - 2026-10-06 08:33:51 --> Session: Class initialized using 'CodeIgniter\Session\Handlers\FileHandler' driver.
DEBUG - 2026-10-06 08:33:51 --> Session: Class initialized using 'CodeIgniter\Session\Handlers\FileHandler' driver.
DEBUG - 2026-10-06 08:33:51 --> Session: Class initialized using 'CodeIgniter\Session\Handlers\FileHandler' driver.
DEBUG - 2026-10-06 08:33:51 --> Session: Class initialized using 'CodeIgniter\Session\Handlers\FileHandler' driver.
DEBUG - 2026-10-06 08:33:51 --> Session: Class initialized using 'CodeIgniter\Session\Handlers\FileHandler' driver.
DEBUG - 2026-10-06 08:33:52 --> Session: Class initialized using 'CodeIgniter\Session\Handlers\FileHandler' driver.
DEBUG - 2026-10-06 08:33:52 --> Session: Class initialized using 'CodeIgniter\Session\Handlers\FileHandler' driver.
DEBUG - 2026-10-06 08:33:52 --> Session: Class initialized using 'CodeIgniter\Session\Handlers\FileHandler' driver.
DEBUG - 2026-10-06 08:33:52 --> Session: Class initialized using 'CodeIgniter\Session\Handlers\FileHandler' driver.
DEBUG - 2026-10-06 08:33:52 --> Session: Class initialized using 'CodeIgniter\Session\Handlers\FileHandler' driver.
DEBUG - 2026-10-06 08:33:52 --> Session: Class initialized using 'CodeIgniter\Session\Handlers\FileHandler' driver.
DEBUG - 2026-10-06 08:33:52 --> Session: Class initialized using 'CodeIgniter\Session\Handlers\FileHandler' driver.
DEBUG - 2026-10-06 08:33:52 --> Session: Class initialized using 'CodeIgniter\Session\Handlers\FileHandler' driver.
DEBUG - 2026-10-06 08:33:52 --> Session: Class initialized using 'CodeIgniter\Session\Handlers\FileHandler' driver.
DEBUG - 2026-10-06 08:33:52 --> Session: Class initialized using 'CodeIgniter\Session\Handlers\FileHandler' driver.
DEBUG - 2026-10-06 08:33:52 --> Session: Class initialized using 'CodeIgniter\Session\Handlers\FileHandler' driver.
DEBUG - 2026-10-06 08:33:52 --> Session: Class initialized using 'CodeIgniter\Session\Handlers\FileHandler' driver.
DEBUG - 2026-10-06 08:33:52 --> Session: Class initialized using 'CodeIgniter\Session\Handlers\FileHandler' driver.
DEBUG - 2026-10-06 08:33:52 --> Session: Class initialized using 'CodeIgniter\Session\Handlers\FileHandler' driver.
DEBUG - 2026-10-06 08:33:52 --> Session: Class initialized using 'CodeIgniter\Session\Handlers\FileHandler' driver.
DEBUG - 2026-10-06 08:33:52 --> Session: Class initialized using 'CodeIgniter\Session\Handlers\FileHandler' driver.
DEBUG - 2026-10-06 08:33:52 --> Session: Class initialized using 'CodeIgniter\Session\Handlers\FileHandler' driver.
DEBUG - 2026-10-06 08:33:52 --> Session: Class initialized using 'CodeIgniter\Session\Handlers\FileHandler' driver.
DEBUG - 2026-10-06 08:33:52 --> Session: Class initialized using 'CodeIgniter\Session\Handlers\FileHandler' driver.
DEBUG - 2026-10-06 08:33:52 --> Session: Class initialized using 'CodeIgniter\Session\Handlers\FileHandler' driver.
DEBUG - 2026-10-06 08:33:52 --> Session: Class initialized using 'CodeIgniter\Session\Handlers\FileHandler' driver.
INFO - 2026-10-06 08:33:52 --> CSRF token verified.
DEBUG - 2026-10-06 08:33:52 --> Session: Class initialized using 'CodeIgniter\Session\Handlers\FileHandler' driver.
DEBUG - 2026-10-06 08:33:52 --> Session: Class initialized using 'CodeIgniter\Session\Handlers\FileHandler' driver.
DEBUG - 2026-10-06 08:33:52 --> Session: Class initialized using 'CodeIgniter\Session\Handlers\FileHandler' driver.
INFO - 2026-10-06 08:33:52 --> CSRF token verified.
DEBUG - 2026-10-06 08:33:52 --> Session: Class initialized using 'CodeIgniter\Session\Handlers\FileHandler' driver.
DEBUG - 2026-10-06 08:33:52 --> Session: Class initialized using 'CodeIgniter\Session\Handlers\FileHandler' driver.
DEBUG - 2026-10-06 08:33:53 --> Session: Class initialized using 'CodeIgniter\Session\Handlers\FileHandler' driver.
INFO - 2026-10-06 08:33:53 --> CSRF token verified.
DEBUG - 2026-10-06 08:33:53 --> Session: Class initialized using 'CodeIgniter\Session\Handlers\FileHandler' driver.
DEBUG - 2026-10-06 08:33:53 --> Session: Class initialized using 'CodeIgniter\Session\Handlers\FileHandler' driver.
DEBUG - 2026-10-06 08:33:53 --> Session: Class initialized using 'CodeIgniter\Session\Handlers\FileHandler' driver.
INFO - 2026-10-06 08:33:53 --> CSRF token verified.
DEBUG - 2026-10-06 08:33:53 --> Session: Class initialized using 'CodeIgniter\Session\Handlers\FileHandler' driver.
DEBUG - 2026-10-06 08:33:53 --> Session: Class initialized using 'CodeIgniter\Session\Handlers\FileHandler' driver.
DEBUG - 2026-10-06 08:33:53 --> Session: Class initialized using 'CodeIgniter\Session\Handlers\FileHandler' driver.
INFO - 2026-10-06 08:33:53 --> CSRF token verified.
DEBUG - 2026-10-06 08:33:53 --> Session: Class initialized using 'CodeIgniter\Session\Handlers\FileHandler' driver.
DEBUG - 2026-10-06 08:33:53 --> Session: Class initialized using 'CodeIgniter\Session\Handlers\FileHandler' driver.
DEBUG - 2026-10-06 08:33:53 --> Session: Class initialized using 'CodeIgniter\Session\Handlers\FileHandler' driver.
INFO - 2026-10-06 08:33:53 --> CSRF token verified.
DEBUG - 2026-10-06 08:33:53 --> Session: Class initialized using 'CodeIgniter\Session\Handlers\FileHandler' driver.
DEBUG - 2026-10-06 08:33:53 --> Session: Class initialized using 'CodeIgniter\Session\Handlers\FileHandler' driver.
DEBUG - 2026-10-06 08:33:53 --> Session: Class initialized using 'CodeIgniter\Session\Handlers\FileHandler' driver.
INFO - 2026-10-06 08:33:53 --> CSRF token verified.
DEBUG - 2026-10-06 08:33:53 --> Session: Class initialized using 'CodeIgniter\Session\Handlers\FileHandler' driver.
DEBUG - 2026-10-06 08:33:54 --> Session: Class initialized using 'CodeIgniter\Session\Handlers\FileHandler' driver.
DEBUG - 2026-10-06 08:33:54 --> Session: Class initialized using 'CodeIgniter\Session\Handlers\FileHandler' driver.
INFO - 2026-10-06 08:33:54 --> CSRF token verified.
DEBUG - 2026-10-06 08:33:54 --> Session: Class initialized using 'CodeIgniter\Session\Handlers\FileHandler' driver.
DEBUG - 2026-10-06 08:33:54 --> Session: Class initialized using 'CodeIgniter\Session\Handlers\FileHandler' driver.
DEBUG - 2026-10-06 08:33:54 --> Session: Class initialized using 'CodeIgniter\Session\Handlers\FileHandler' driver.
INFO - 2026-10-06 08:33:54 --> CSRF token verified.
DEBUG - 2026-10-06 08:33:54 --> Session: Class initialized using 'CodeIgniter\Session\Handlers\FileHandler' driver.
DEBUG - 2026-10-06 08:33:54 --> Session: Class initialized using 'CodeIgniter\Session\Handlers\FileHandler' driver.
DEBUG - 2026-10-06 08:33:54 --> Session: Class initialized using 'CodeIgniter\Session\Handlers\FileHandler' driver.
INFO - 2026-10-06 08:33:54 --> CSRF token verified.
DEBUG - 2026-10-06 08:33:54 --> Session: Class initialized using 'CodeIgniter\Session\Handlers\FileHandler' driver.
DEBUG - 2026-10-06 08:33:54 --> Session: Class initialized using 'CodeIgniter\Session\Handlers\FileHandler' driver.
DEBUG - 2026-10-06 08:33:54 --> Session: Class initialized using 'CodeIgniter\Session\Handlers\FileHandler' driver.
CRITICAL - 2026-10-06 08:33:55 --> CodeIgniter\Security\Exceptions\SecurityException: The action you requested is not allowed.
[Method: POST, Route: guru/courses/1/materials]
in SYSTEMPATH\Security\Security.php on line 258.
 1 SYSTEMPATH\Security\Security.php(258): CodeIgniter\Security\Exceptions\SecurityException::forDisallowedAction()
 2 SYSTEMPATH\Filters\CSRF.php(52): CodeIgniter\Security\Security->verify(Object(CodeIgniter\HTTP\IncomingRequest))
 3 SYSTEMPATH\Filters\Filters.php(241): CodeIgniter\Filters\CSRF->before(Object(CodeIgniter\HTTP\IncomingRequest), null)
 4 SYSTEMPATH\Filters\Filters.php(221): CodeIgniter\Filters\Filters->runBefore([...])
 5 SYSTEMPATH\CodeIgniter.php(488): CodeIgniter\Filters\Filters->run('guru/courses/1/materials', 'before')
 6 SYSTEMPATH\CodeIgniter.php(363): CodeIgniter\CodeIgniter->handleRequest(null, Object(Config\Cache), false)
 7 SYSTEMPATH\Boot.php(417): CodeIgniter\CodeIgniter->run()
 8 SYSTEMPATH\Boot.php(68): CodeIgniter\Boot::runCodeIgniter(Object(CodeIgniter\CodeIgniter))
 9 FCPATH\index.php(59): CodeIgniter\Boot::bootWeb(Object(Config\Paths))
10 SYSTEMPATH\rewrite.php(44): require_once('D:\\JOKS\\Yordan\\BELAJAR WETIM\\BELAJAR-WETIM\\public\\index.php')
DEBUG - 2026-10-06 08:33:55 --> Session: Class initialized using 'CodeIgniter\Session\Handlers\FileHandler' driver.
INFO - 2026-10-06 08:33:55 --> CSRF token verified.
DEBUG - 2026-10-06 08:33:55 --> Session: Class initialized using 'CodeIgniter\Session\Handlers\FileHandler' driver.
DEBUG - 2026-10-06 08:33:56 --> Session: Class initialized using 'CodeIgniter\Session\Handlers\FileHandler' driver.
DEBUG - 2026-10-06 08:33:56 --> Session: Class initialized using 'CodeIgniter\Session\Handlers\FileHandler' driver.
DEBUG - 2026-10-06 08:33:56 --> Session: Class initialized using 'CodeIgniter\Session\Handlers\FileHandler' driver.
DEBUG - 2026-10-06 08:33:56 --> Session: Class initialized using 'CodeIgniter\Session\Handlers\FileHandler' driver.
INFO - 2026-10-06 08:33:56 --> CSRF token verified.
DEBUG - 2026-10-06 08:33:56 --> Session: Class initialized using 'CodeIgniter\Session\Handlers\FileHandler' driver.
DEBUG - 2026-10-06 08:33:56 --> Session: Class initialized using 'CodeIgniter\Session\Handlers\FileHandler' driver.
DEBUG - 2026-10-06 08:33:56 --> Session: Class initialized using 'CodeIgniter\Session\Handlers\FileHandler' driver.
INFO - 2026-10-06 08:33:56 --> CSRF token verified.
DEBUG - 2026-10-06 08:33:56 --> Session: Class initialized using 'CodeIgniter\Session\Handlers\FileHandler' driver.
DEBUG - 2026-10-06 08:33:56 --> Session: Class initialized using 'CodeIgniter\Session\Handlers\FileHandler' driver.
DEBUG - 2026-10-06 08:33:57 --> Session: Class initialized using 'CodeIgniter\Session\Handlers\FileHandler' driver.
INFO - 2026-10-06 08:33:57 --> CSRF token verified.
DEBUG - 2026-10-06 08:33:57 --> Session: Class initialized using 'CodeIgniter\Session\Handlers\FileHandler' driver.
DEBUG - 2026-10-06 08:33:57 --> Session: Class initialized using 'CodeIgniter\Session\Handlers\FileHandler' driver.
DEBUG - 2026-10-06 08:33:57 --> Session: Class initialized using 'CodeIgniter\Session\Handlers\FileHandler' driver.
INFO - 2026-10-06 08:33:57 --> CSRF token verified.
DEBUG - 2026-10-06 08:33:57 --> Session: Class initialized using 'CodeIgniter\Session\Handlers\FileHandler' driver.
DEBUG - 2026-10-06 08:33:57 --> Session: Class initialized using 'CodeIgniter\Session\Handlers\FileHandler' driver.
CRITICAL - 2026-10-06 08:33:58 --> CodeIgniter\Security\Exceptions\SecurityException: The action you requested is not allowed.
[Method: POST, Route: guru/materials/4/delete]
in SYSTEMPATH\Security\Security.php on line 258.
 1 SYSTEMPATH\Security\Security.php(258): CodeIgniter\Security\Exceptions\SecurityException::forDisallowedAction()
 2 SYSTEMPATH\Filters\CSRF.php(52): CodeIgniter\Security\Security->verify(Object(CodeIgniter\HTTP\IncomingRequest))
 3 SYSTEMPATH\Filters\Filters.php(241): CodeIgniter\Filters\CSRF->before(Object(CodeIgniter\HTTP\IncomingRequest), null)
 4 SYSTEMPATH\Filters\Filters.php(221): CodeIgniter\Filters\Filters->runBefore([...])
 5 SYSTEMPATH\CodeIgniter.php(488): CodeIgniter\Filters\Filters->run('guru/materials/4/delete', 'before')
 6 SYSTEMPATH\CodeIgniter.php(363): CodeIgniter\CodeIgniter->handleRequest(null, Object(Config\Cache), false)
 7 SYSTEMPATH\Boot.php(417): CodeIgniter\CodeIgniter->run()
 8 SYSTEMPATH\Boot.php(68): CodeIgniter\Boot::runCodeIgniter(Object(CodeIgniter\CodeIgniter))
 9 FCPATH\index.php(59): CodeIgniter\Boot::bootWeb(Object(Config\Paths))
10 SYSTEMPATH\rewrite.php(44): require_once('D:\\JOKS\\Yordan\\BELAJAR WETIM\\BELAJAR-WETIM\\public\\index.php')
CRITICAL - 2026-10-06 08:33:58 --> CodeIgniter\Security\Exceptions\SecurityException: The action you requested is not allowed.
[Method: POST, Route: guru/materials/4/toggle-publish]
in SYSTEMPATH\Security\Security.php on line 258.
 1 SYSTEMPATH\Security\Security.php(258): CodeIgniter\Security\Exceptions\SecurityException::forDisallowedAction()
 2 SYSTEMPATH\Filters\CSRF.php(52): CodeIgniter\Security\Security->verify(Object(CodeIgniter\HTTP\IncomingRequest))
 3 SYSTEMPATH\Filters\Filters.php(241): CodeIgniter\Filters\CSRF->before(Object(CodeIgniter\HTTP\IncomingRequest), null)
 4 SYSTEMPATH\Filters\Filters.php(221): CodeIgniter\Filters\Filters->runBefore([...])
 5 SYSTEMPATH\CodeIgniter.php(488): CodeIgniter\Filters\Filters->run('guru/materials/4/toggle-publish', 'before')
 6 SYSTEMPATH\CodeIgniter.php(363): CodeIgniter\CodeIgniter->handleRequest(null, Object(Config\Cache), false)
 7 SYSTEMPATH\Boot.php(417): CodeIgniter\CodeIgniter->run()
 8 SYSTEMPATH\Boot.php(68): CodeIgniter\Boot::runCodeIgniter(Object(CodeIgniter\CodeIgniter))
 9 FCPATH\index.php(59): CodeIgniter\Boot::bootWeb(Object(Config\Paths))
10 SYSTEMPATH\rewrite.php(44): require_once('D:\\JOKS\\Yordan\\BELAJAR WETIM\\BELAJAR-WETIM\\public\\index.php')
CRITICAL - 2026-10-06 08:33:58 --> CodeIgniter\Security\Exceptions\SecurityException: The action you requested is not allowed.
[Method: POST, Route: guru/materials/4/update]
in SYSTEMPATH\Security\Security.php on line 258.
 1 SYSTEMPATH\Security\Security.php(258): CodeIgniter\Security\Exceptions\SecurityException::forDisallowedAction()
 2 SYSTEMPATH\Filters\CSRF.php(52): CodeIgniter\Security\Security->verify(Object(CodeIgniter\HTTP\IncomingRequest))
 3 SYSTEMPATH\Filters\Filters.php(241): CodeIgniter\Filters\CSRF->before(Object(CodeIgniter\HTTP\IncomingRequest), null)
 4 SYSTEMPATH\Filters\Filters.php(221): CodeIgniter\Filters\Filters->runBefore([...])
 5 SYSTEMPATH\CodeIgniter.php(488): CodeIgniter\Filters\Filters->run('guru/materials/4/update', 'before')
 6 SYSTEMPATH\CodeIgniter.php(363): CodeIgniter\CodeIgniter->handleRequest(null, Object(Config\Cache), false)
 7 SYSTEMPATH\Boot.php(417): CodeIgniter\CodeIgniter->run()
 8 SYSTEMPATH\Boot.php(68): CodeIgniter\Boot::runCodeIgniter(Object(CodeIgniter\CodeIgniter))
 9 FCPATH\index.php(59): CodeIgniter\Boot::bootWeb(Object(Config\Paths))
10 SYSTEMPATH\rewrite.php(44): require_once('D:\\JOKS\\Yordan\\BELAJAR WETIM\\BELAJAR-WETIM\\public\\index.php')
CRITICAL - 2026-10-06 08:33:58 --> CodeIgniter\Security\Exceptions\SecurityException: The action you requested is not allowed.
[Method: POST, Route: guru/courses/1/materials]
in SYSTEMPATH\Security\Security.php on line 258.
 1 SYSTEMPATH\Security\Security.php(258): CodeIgniter\Security\Exceptions\SecurityException::forDisallowedAction()
 2 SYSTEMPATH\Filters\CSRF.php(52): CodeIgniter\Security\Security->verify(Object(CodeIgniter\HTTP\IncomingRequest))
 3 SYSTEMPATH\Filters\Filters.php(241): CodeIgniter\Filters\CSRF->before(Object(CodeIgniter\HTTP\IncomingRequest), null)
 4 SYSTEMPATH\Filters\Filters.php(221): CodeIgniter\Filters\Filters->runBefore([...])
 5 SYSTEMPATH\CodeIgniter.php(488): CodeIgniter\Filters\Filters->run('guru/courses/1/materials', 'before')
 6 SYSTEMPATH\CodeIgniter.php(363): CodeIgniter\CodeIgniter->handleRequest(null, Object(Config\Cache), false)
 7 SYSTEMPATH\Boot.php(417): CodeIgniter\CodeIgniter->run()
 8 SYSTEMPATH\Boot.php(68): CodeIgniter\Boot::runCodeIgniter(Object(CodeIgniter\CodeIgniter))
 9 FCPATH\index.php(59): CodeIgniter\Boot::bootWeb(Object(Config\Paths))
10 SYSTEMPATH\rewrite.php(44): require_once('D:\\JOKS\\Yordan\\BELAJAR WETIM\\BELAJAR-WETIM\\public\\index.php')
CRITICAL - 2026-10-06 08:33:58 --> CodeIgniter\Security\Exceptions\SecurityException: The action you requested is not allowed.
[Method: POST, Route: logout]
in SYSTEMPATH\Security\Security.php on line 258.
 1 SYSTEMPATH\Security\Security.php(258): CodeIgniter\Security\Exceptions\SecurityException::forDisallowedAction()
 2 SYSTEMPATH\Filters\CSRF.php(52): CodeIgniter\Security\Security->verify(Object(CodeIgniter\HTTP\IncomingRequest))
 3 SYSTEMPATH\Filters\Filters.php(241): CodeIgniter\Filters\CSRF->before(Object(CodeIgniter\HTTP\IncomingRequest), null)
 4 SYSTEMPATH\Filters\Filters.php(221): CodeIgniter\Filters\Filters->runBefore([...])
 5 SYSTEMPATH\CodeIgniter.php(488): CodeIgniter\Filters\Filters->run('logout', 'before')
 6 SYSTEMPATH\CodeIgniter.php(363): CodeIgniter\CodeIgniter->handleRequest(null, Object(Config\Cache), false)
 7 SYSTEMPATH\Boot.php(417): CodeIgniter\CodeIgniter->run()
 8 SYSTEMPATH\Boot.php(68): CodeIgniter\Boot::runCodeIgniter(Object(CodeIgniter\CodeIgniter))
 9 FCPATH\index.php(59): CodeIgniter\Boot::bootWeb(Object(Config\Paths))
10 SYSTEMPATH\rewrite.php(44): require_once('D:\\JOKS\\Yordan\\BELAJAR WETIM\\BELAJAR-WETIM\\public\\index.php')
CRITICAL - 2026-10-06 08:33:58 --> CodeIgniter\Security\Exceptions\SecurityException: The action you requested is not allowed.
[Method: POST, Route: login]
in SYSTEMPATH\Security\Security.php on line 258.
 1 SYSTEMPATH\Security\Security.php(258): CodeIgniter\Security\Exceptions\SecurityException::forDisallowedAction()
 2 SYSTEMPATH\Filters\CSRF.php(52): CodeIgniter\Security\Security->verify(Object(CodeIgniter\HTTP\IncomingRequest))
 3 SYSTEMPATH\Filters\Filters.php(241): CodeIgniter\Filters\CSRF->before(Object(CodeIgniter\HTTP\IncomingRequest), null)
 4 SYSTEMPATH\Filters\Filters.php(221): CodeIgniter\Filters\Filters->runBefore([...])
 5 SYSTEMPATH\CodeIgniter.php(488): CodeIgniter\Filters\Filters->run('login', 'before')
 6 SYSTEMPATH\CodeIgniter.php(363): CodeIgniter\CodeIgniter->handleRequest(null, Object(Config\Cache), false)
 7 SYSTEMPATH\Boot.php(417): CodeIgniter\CodeIgniter->run()
 8 SYSTEMPATH\Boot.php(68): CodeIgniter\Boot::runCodeIgniter(Object(CodeIgniter\CodeIgniter))
 9 FCPATH\index.php(59): CodeIgniter\Boot::bootWeb(Object(Config\Paths))
10 SYSTEMPATH\rewrite.php(44): require_once('D:\\JOKS\\Yordan\\BELAJAR WETIM\\BELAJAR-WETIM\\public\\index.php')
CRITICAL - 2026-10-06 08:33:58 --> CodeIgniter\Security\Exceptions\SecurityException: The action you requested is not allowed.
[Method: POST, Route: admin/courses/1/delete]
in SYSTEMPATH\Security\Security.php on line 258.
 1 SYSTEMPATH\Security\Security.php(258): CodeIgniter\Security\Exceptions\SecurityException::forDisallowedAction()
 2 SYSTEMPATH\Filters\CSRF.php(52): CodeIgniter\Security\Security->verify(Object(CodeIgniter\HTTP\IncomingRequest))
 3 SYSTEMPATH\Filters\Filters.php(241): CodeIgniter\Filters\CSRF->before(Object(CodeIgniter\HTTP\IncomingRequest), null)
 4 SYSTEMPATH\Filters\Filters.php(221): CodeIgniter\Filters\Filters->runBefore([...])
 5 SYSTEMPATH\CodeIgniter.php(488): CodeIgniter\Filters\Filters->run('admin/courses/1/delete', 'before')
 6 SYSTEMPATH\CodeIgniter.php(363): CodeIgniter\CodeIgniter->handleRequest(null, Object(Config\Cache), false)
 7 SYSTEMPATH\Boot.php(417): CodeIgniter\CodeIgniter->run()
 8 SYSTEMPATH\Boot.php(68): CodeIgniter\Boot::runCodeIgniter(Object(CodeIgniter\CodeIgniter))
 9 FCPATH\index.php(59): CodeIgniter\Boot::bootWeb(Object(Config\Paths))
10 SYSTEMPATH\rewrite.php(44): require_once('D:\\JOKS\\Yordan\\BELAJAR WETIM\\BELAJAR-WETIM\\public\\index.php')
DEBUG - 2026-10-06 08:33:58 --> Session: Class initialized using 'CodeIgniter\Session\Handlers\FileHandler' driver.
DEBUG - 2026-10-06 08:33:58 --> Session: Class initialized using 'CodeIgniter\Session\Handlers\FileHandler' driver.
DEBUG - 2026-10-06 08:33:58 --> Session: Class initialized using 'CodeIgniter\Session\Handlers\FileHandler' driver.
DEBUG - 2026-10-06 08:33:58 --> Session: Class initialized using 'CodeIgniter\Session\Handlers\FileHandler' driver.
DEBUG - 2026-10-06 08:33:58 --> Session: Class initialized using 'CodeIgniter\Session\Handlers\FileHandler' driver.
DEBUG - 2026-10-06 08:33:58 --> Session: Class initialized using 'CodeIgniter\Session\Handlers\FileHandler' driver.
DEBUG - 2026-10-06 08:33:58 --> Session: Class initialized using 'CodeIgniter\Session\Handlers\FileHandler' driver.
DEBUG - 2026-10-06 08:33:58 --> Session: Class initialized using 'CodeIgniter\Session\Handlers\FileHandler' driver.
DEBUG - 2026-10-06 08:33:58 --> Session: Class initialized using 'CodeIgniter\Session\Handlers\FileHandler' driver.
DEBUG - 2026-10-06 08:33:58 --> Session: Class initialized using 'CodeIgniter\Session\Handlers\FileHandler' driver.
DEBUG - 2026-10-06 08:33:58 --> Session: Class initialized using 'CodeIgniter\Session\Handlers\FileHandler' driver.
DEBUG - 2026-10-06 08:33:58 --> Session: Class initialized using 'CodeIgniter\Session\Handlers\FileHandler' driver.
DEBUG - 2026-10-06 08:33:58 --> Session: Class initialized using 'CodeIgniter\Session\Handlers\FileHandler' driver.
DEBUG - 2026-10-06 08:33:58 --> Session: Class initialized using 'CodeIgniter\Session\Handlers\FileHandler' driver.
DEBUG - 2026-10-06 08:33:58 --> Session: Class initialized using 'CodeIgniter\Session\Handlers\FileHandler' driver.
INFO - 2026-10-06 08:33:58 --> CSRF token verified.
DEBUG - 2026-10-06 08:33:58 --> Session: Class initialized using 'CodeIgniter\Session\Handlers\FileHandler' driver.
DEBUG - 2026-10-06 08:33:58 --> Session: Class initialized using 'CodeIgniter\Session\Handlers\FileHandler' driver.
INFO - 2026-10-06 08:33:58 --> CSRF token verified.
DEBUG - 2026-10-06 08:33:58 --> Session: Class initialized using 'CodeIgniter\Session\Handlers\FileHandler' driver.
DEBUG - 2026-10-06 08:33:58 --> Session: Class initialized using 'CodeIgniter\Session\Handlers\FileHandler' driver.
INFO - 2026-10-06 08:33:58 --> CSRF token verified.
DEBUG - 2026-10-06 08:33:58 --> Session: Class initialized using 'CodeIgniter\Session\Handlers\FileHandler' driver.
DEBUG - 2026-10-06 08:33:58 --> Session: Class initialized using 'CodeIgniter\Session\Handlers\FileHandler' driver.
DEBUG - 2026-10-06 08:33:58 --> Session: Class initialized using 'CodeIgniter\Session\Handlers\FileHandler' driver.
DEBUG - 2026-10-06 08:33:58 --> Session: Class initialized using 'CodeIgniter\Session\Handlers\FileHandler' driver.
DEBUG - 2026-10-06 08:33:58 --> Session: Class initialized using 'CodeIgniter\Session\Handlers\FileHandler' driver.
DEBUG - 2026-10-06 08:33:59 --> Session: Class initialized using 'CodeIgniter\Session\Handlers\FileHandler' driver.
DEBUG - 2026-10-06 08:33:59 --> Session: Class initialized using 'CodeIgniter\Session\Handlers\FileHandler' driver.
DEBUG - 2026-10-06 08:36:47 --> Session: Class initialized using 'CodeIgniter\Session\Handlers\FileHandler' driver.
DEBUG - 2026-10-06 08:36:49 --> Session: Class initialized using 'CodeIgniter\Session\Handlers\FileHandler' driver.
DEBUG - 2026-10-06 08:36:50 --> Session: Class initialized using 'CodeIgniter\Session\Handlers\FileHandler' driver.
DEBUG - 2026-10-06 08:36:51 --> Session: Class initialized using 'CodeIgniter\Session\Handlers\FileHandler' driver.
DEBUG - 2026-10-06 08:36:52 --> Session: Class initialized using 'CodeIgniter\Session\Handlers\FileHandler' driver.
DEBUG - 2026-10-06 08:36:53 --> Session: Class initialized using 'CodeIgniter\Session\Handlers\FileHandler' driver.
DEBUG - 2026-10-06 08:36:53 --> Session: Class initialized using 'CodeIgniter\Session\Handlers\FileHandler' driver.
DEBUG - 2026-10-06 08:36:55 --> Session: Class initialized using 'CodeIgniter\Session\Handlers\FileHandler' driver.
DEBUG - 2026-10-06 08:39:11 --> Session: Class initialized using 'CodeIgniter\Session\Handlers\FileHandler' driver.
DEBUG - 2026-10-06 08:39:16 --> Session: Class initialized using 'CodeIgniter\Session\Handlers\FileHandler' driver.
INFO - 2026-10-06 08:39:19 --> CSRF token verified.
DEBUG - 2026-10-06 08:39:19 --> Session: Class initialized using 'CodeIgniter\Session\Handlers\FileHandler' driver.
DEBUG - 2026-10-06 08:39:19 --> Session: Class initialized using 'CodeIgniter\Session\Handlers\FileHandler' driver.
INFO - 2026-10-06 08:39:36 --> CSRF token verified.
DEBUG - 2026-10-06 08:39:36 --> Session: Class initialized using 'CodeIgniter\Session\Handlers\FileHandler' driver.
DEBUG - 2026-10-06 08:39:36 --> Session: Class initialized using 'CodeIgniter\Session\Handlers\FileHandler' driver.
DEBUG - 2026-10-06 08:42:16 --> Session: Class initialized using 'CodeIgniter\Session\Handlers\FileHandler' driver.
DEBUG - 2026-10-06 08:42:17 --> Session: Class initialized using 'CodeIgniter\Session\Handlers\FileHandler' driver.
DEBUG - 2026-10-06 08:42:18 --> Session: Class initialized using 'CodeIgniter\Session\Handlers\FileHandler' driver.
DEBUG - 2026-10-06 08:42:19 --> Session: Class initialized using 'CodeIgniter\Session\Handlers\FileHandler' driver.
DEBUG - 2026-10-06 08:42:20 --> Session: Class initialized using 'CodeIgniter\Session\Handlers\FileHandler' driver.
DEBUG - 2026-10-06 08:42:20 --> Session: Class initialized using 'CodeIgniter\Session\Handlers\FileHandler' driver.
DEBUG - 2026-10-06 08:42:21 --> Session: Class initialized using 'CodeIgniter\Session\Handlers\FileHandler' driver.
DEBUG - 2026-10-06 08:42:22 --> Session: Class initialized using 'CodeIgniter\Session\Handlers\FileHandler' driver.
DEBUG - 2026-10-06 08:43:54 --> Session: Class initialized using 'CodeIgniter\Session\Handlers\FileHandler' driver.
DEBUG - 2026-10-06 08:43:59 --> Session: Class initialized using 'CodeIgniter\Session\Handlers\FileHandler' driver.
DEBUG - 2026-10-06 08:44:15 --> Session: Class initialized using 'CodeIgniter\Session\Handlers\FileHandler' driver.
DEBUG - 2026-10-06 08:44:17 --> Session: Class initialized using 'CodeIgniter\Session\Handlers\FileHandler' driver.
DEBUG - 2026-10-06 08:44:19 --> Session: Class initialized using 'CodeIgniter\Session\Handlers\FileHandler' driver.
DEBUG - 2026-10-06 08:44:21 --> Session: Class initialized using 'CodeIgniter\Session\Handlers\FileHandler' driver.
DEBUG - 2026-10-06 08:44:30 --> Session: Class initialized using 'CodeIgniter\Session\Handlers\FileHandler' driver.
DEBUG - 2026-10-06 08:44:35 --> Session: Class initialized using 'CodeIgniter\Session\Handlers\FileHandler' driver.
DEBUG - 2026-10-06 08:44:37 --> Session: Class initialized using 'CodeIgniter\Session\Handlers\FileHandler' driver.
DEBUG - 2026-10-06 08:44:39 --> Session: Class initialized using 'CodeIgniter\Session\Handlers\FileHandler' driver.
ERROR - 2026-10-06 08:47:26 --> Duplicate entry '1-1' for key 'submissions.uq_submissions_assignment_student'
in SYSTEMPATH\Database\MySQLi\Connection.php on line 300.
 1 SYSTEMPATH\Database\MySQLi\Connection.php(300): mysqli->query('INSERT INTO `submissions` (`assignment_id`, `student_id`, `answer_text`, `created_at`, `updated_at`) VALUES (1, 1, \'duplikat\', \'2026-10-06 08:47:26\', \'2026-10-06 08:47:26\')', 0)
 2 SYSTEMPATH\Database\BaseConnection.php(908): CodeIgniter\Database\MySQLi\Connection->execute('INSERT INTO `submissions` (`assignment_id`, `student_id`, `answer_text`, `created_at`, `updated_at`) VALUES (1, 1, \'duplikat\', \'2026-10-06 08:47:26\', \'2026-10-06 08:47:26\')')
 3 SYSTEMPATH\Database\BaseConnection.php(825): CodeIgniter\Database\BaseConnection->simpleQuery('INSERT INTO `submissions` (`assignment_id`, `student_id`, `answer_text`, `created_at`, `updated_at`) VALUES (1, 1, \'duplikat\', \'2026-10-06 08:47:26\', \'2026-10-06 08:47:26\')')
 4 SYSTEMPATH\Database\BaseBuilder.php(2355): CodeIgniter\Database\BaseConnection->query('INSERT INTO `submissions` (`assignment_id`, `student_id`, `answer_text`, `created_at`, `updated_at`) VALUES (:assignment_id:, :student_id:, :answer_text:, :created_at:, :updated_at:)', [...], false)
 5 APPPATH\Commands\CheckAssignment.php(180): CodeIgniter\Database\BaseBuilder->insert([...])
 6 APPPATH\Commands\CheckAssignment.php(74): App\Commands\CheckAssignment->runChecks(Object(CodeIgniter\Database\MySQLi\Connection), Object(App\Models\AssignmentModel), Object(App\Models\SubmissionModel), 1, 1, 1, [...], [...])
 7 SYSTEMPATH\CLI\Commands.php(72): App\Commands\CheckAssignment->run([])
 8 SYSTEMPATH\CLI\Console.php(47): CodeIgniter\CLI\Commands->run('lentera:check-assignment', [])
 9 SYSTEMPATH\Boot.php(444): CodeIgniter\CLI\Console->run()
10 SYSTEMPATH\Boot.php(166): CodeIgniter\Boot::runCommand(Object(CodeIgniter\CLI\Console))
11 ROOTPATH\spark(87): CodeIgniter\Boot::bootSpark(Object(Config\Paths))
ERROR - 2026-10-06 16:48:50 --> Duplicate entry '2-1' for key 'submissions.uq_submissions_assignment_student'
in SYSTEMPATH\Database\MySQLi\Connection.php on line 300.
 1 SYSTEMPATH\Database\MySQLi\Connection.php(300): mysqli->query('INSERT INTO `submissions` (`assignment_id`, `student_id`, `answer_text`, `created_at`, `updated_at`) VALUES (2, 1, \'duplikat\', \'2026-10-06 16:48:50\', \'2026-10-06 16:48:50\')', 0)
 2 SYSTEMPATH\Database\BaseConnection.php(908): CodeIgniter\Database\MySQLi\Connection->execute('INSERT INTO `submissions` (`assignment_id`, `student_id`, `answer_text`, `created_at`, `updated_at`) VALUES (2, 1, \'duplikat\', \'2026-10-06 16:48:50\', \'2026-10-06 16:48:50\')')
 3 SYSTEMPATH\Database\BaseConnection.php(825): CodeIgniter\Database\BaseConnection->simpleQuery('INSERT INTO `submissions` (`assignment_id`, `student_id`, `answer_text`, `created_at`, `updated_at`) VALUES (2, 1, \'duplikat\', \'2026-10-06 16:48:50\', \'2026-10-06 16:48:50\')')
 4 SYSTEMPATH\Database\BaseBuilder.php(2355): CodeIgniter\Database\BaseConnection->query('INSERT INTO `submissions` (`assignment_id`, `student_id`, `answer_text`, `created_at`, `updated_at`) VALUES (:assignment_id:, :student_id:, :answer_text:, :created_at:, :updated_at:)', [...], false)
 5 APPPATH\Commands\CheckAssignment.php(180): CodeIgniter\Database\BaseBuilder->insert([...])
 6 APPPATH\Commands\CheckAssignment.php(74): App\Commands\CheckAssignment->runChecks(Object(CodeIgniter\Database\MySQLi\Connection), Object(App\Models\AssignmentModel), Object(App\Models\SubmissionModel), 1, 1, 1, [...], [...])
 7 SYSTEMPATH\CLI\Commands.php(72): App\Commands\CheckAssignment->run([])
 8 SYSTEMPATH\CLI\Console.php(47): CodeIgniter\CLI\Commands->run('lentera:check-assignment', [])
 9 SYSTEMPATH\Boot.php(444): CodeIgniter\CLI\Console->run()
10 SYSTEMPATH\Boot.php(166): CodeIgniter\Boot::runCommand(Object(CodeIgniter\CLI\Console))
11 ROOTPATH\spark(87): CodeIgniter\Boot::bootSpark(Object(Config\Paths))
ERROR - 2026-10-06 16:49:38 --> Duplicate entry '3-1' for key 'submissions.uq_submissions_assignment_student'
in SYSTEMPATH\Database\MySQLi\Connection.php on line 300.
 1 SYSTEMPATH\Database\MySQLi\Connection.php(300): mysqli->query('INSERT INTO `submissions` (`assignment_id`, `student_id`, `answer_text`, `created_at`, `updated_at`) VALUES (3, 1, \'duplikat\', \'2026-10-06 16:49:38\', \'2026-10-06 16:49:38\')', 0)
 2 SYSTEMPATH\Database\BaseConnection.php(908): CodeIgniter\Database\MySQLi\Connection->execute('INSERT INTO `submissions` (`assignment_id`, `student_id`, `answer_text`, `created_at`, `updated_at`) VALUES (3, 1, \'duplikat\', \'2026-10-06 16:49:38\', \'2026-10-06 16:49:38\')')
 3 SYSTEMPATH\Database\BaseConnection.php(825): CodeIgniter\Database\BaseConnection->simpleQuery('INSERT INTO `submissions` (`assignment_id`, `student_id`, `answer_text`, `created_at`, `updated_at`) VALUES (3, 1, \'duplikat\', \'2026-10-06 16:49:38\', \'2026-10-06 16:49:38\')')
 4 SYSTEMPATH\Database\BaseBuilder.php(2355): CodeIgniter\Database\BaseConnection->query('INSERT INTO `submissions` (`assignment_id`, `student_id`, `answer_text`, `created_at`, `updated_at`) VALUES (:assignment_id:, :student_id:, :answer_text:, :created_at:, :updated_at:)', [...], false)
 5 APPPATH\Commands\CheckAssignment.php(180): CodeIgniter\Database\BaseBuilder->insert([...])
 6 APPPATH\Commands\CheckAssignment.php(74): App\Commands\CheckAssignment->runChecks(Object(CodeIgniter\Database\MySQLi\Connection), Object(App\Models\AssignmentModel), Object(App\Models\SubmissionModel), 1, 1, 1, [...], [...])
 7 SYSTEMPATH\CLI\Commands.php(72): App\Commands\CheckAssignment->run([])
 8 SYSTEMPATH\CLI\Console.php(47): CodeIgniter\CLI\Commands->run('lentera:check-assignment', [])
 9 SYSTEMPATH\Boot.php(444): CodeIgniter\CLI\Console->run()
10 SYSTEMPATH\Boot.php(166): CodeIgniter\Boot::runCommand(Object(CodeIgniter\CLI\Console))
11 ROOTPATH\spark(87): CodeIgniter\Boot::bootSpark(Object(Config\Paths))
DEBUG - 2026-10-06 16:50:06 --> Session: Class initialized using 'CodeIgniter\Session\Handlers\FileHandler' driver.
DEBUG - 2026-10-06 16:50:07 --> Session: Class initialized using 'CodeIgniter\Session\Handlers\FileHandler' driver.
DEBUG - 2026-10-06 16:50:09 --> Session: Class initialized using 'CodeIgniter\Session\Handlers\FileHandler' driver.
DEBUG - 2026-10-06 16:50:12 --> Session: Class initialized using 'CodeIgniter\Session\Handlers\FileHandler' driver.
DEBUG - 2026-10-06 16:50:13 --> Session: Class initialized using 'CodeIgniter\Session\Handlers\FileHandler' driver.
DEBUG - 2026-10-06 16:50:14 --> Session: Class initialized using 'CodeIgniter\Session\Handlers\FileHandler' driver.
DEBUG - 2026-10-06 16:50:15 --> Session: Class initialized using 'CodeIgniter\Session\Handlers\FileHandler' driver.
DEBUG - 2026-10-06 16:50:15 --> Session: Class initialized using 'CodeIgniter\Session\Handlers\FileHandler' driver.
DEBUG - 2026-10-06 16:50:16 --> Session: Class initialized using 'CodeIgniter\Session\Handlers\FileHandler' driver.
DEBUG - 2026-10-06 16:51:20 --> Session: Class initialized using 'CodeIgniter\Session\Handlers\FileHandler' driver.
DEBUG - 2026-10-06 16:51:21 --> Session: Class initialized using 'CodeIgniter\Session\Handlers\FileHandler' driver.
DEBUG - 2026-10-06 16:51:22 --> Session: Class initialized using 'CodeIgniter\Session\Handlers\FileHandler' driver.
DEBUG - 2026-10-06 16:51:23 --> Session: Class initialized using 'CodeIgniter\Session\Handlers\FileHandler' driver.
DEBUG - 2026-10-06 16:51:23 --> Session: Class initialized using 'CodeIgniter\Session\Handlers\FileHandler' driver.
DEBUG - 2026-10-06 16:51:24 --> Session: Class initialized using 'CodeIgniter\Session\Handlers\FileHandler' driver.
DEBUG - 2026-10-06 16:51:25 --> Session: Class initialized using 'CodeIgniter\Session\Handlers\FileHandler' driver.
DEBUG - 2026-10-06 16:51:26 --> Session: Class initialized using 'CodeIgniter\Session\Handlers\FileHandler' driver.
DEBUG - 2026-10-06 16:51:26 --> Session: Class initialized using 'CodeIgniter\Session\Handlers\FileHandler' driver.
DEBUG - 2026-10-06 16:51:34 --> Session: Class initialized using 'CodeIgniter\Session\Handlers\FileHandler' driver.
DEBUG - 2026-10-06 16:51:43 --> Session: Class initialized using 'CodeIgniter\Session\Handlers\FileHandler' driver.
DEBUG - 2026-10-06 16:53:13 --> Session: Class initialized using 'CodeIgniter\Session\Handlers\FileHandler' driver.
DEBUG - 2026-10-06 16:53:14 --> Session: Class initialized using 'CodeIgniter\Session\Handlers\FileHandler' driver.
DEBUG - 2026-10-06 16:53:18 --> Session: Class initialized using 'CodeIgniter\Session\Handlers\FileHandler' driver.
DEBUG - 2026-10-06 16:53:19 --> Session: Class initialized using 'CodeIgniter\Session\Handlers\FileHandler' driver.
DEBUG - 2026-10-06 16:53:20 --> Session: Class initialized using 'CodeIgniter\Session\Handlers\FileHandler' driver.
DEBUG - 2026-10-06 16:53:44 --> Session: Class initialized using 'CodeIgniter\Session\Handlers\FileHandler' driver.
DEBUG - 2026-10-06 16:53:45 --> Session: Class initialized using 'CodeIgniter\Session\Handlers\FileHandler' driver.
DEBUG - 2026-10-06 16:53:46 --> Session: Class initialized using 'CodeIgniter\Session\Handlers\FileHandler' driver.
DEBUG - 2026-10-06 16:53:47 --> Session: Class initialized using 'CodeIgniter\Session\Handlers\FileHandler' driver.
DEBUG - 2026-10-06 16:53:47 --> Session: Class initialized using 'CodeIgniter\Session\Handlers\FileHandler' driver.
DEBUG - 2026-10-06 16:53:48 --> Session: Class initialized using 'CodeIgniter\Session\Handlers\FileHandler' driver.
DEBUG - 2026-10-06 16:53:49 --> Session: Class initialized using 'CodeIgniter\Session\Handlers\FileHandler' driver.
DEBUG - 2026-10-06 16:53:51 --> Session: Class initialized using 'CodeIgniter\Session\Handlers\FileHandler' driver.
DEBUG - 2026-10-06 16:53:52 --> Session: Class initialized using 'CodeIgniter\Session\Handlers\FileHandler' driver.
DEBUG - 2026-10-06 16:53:53 --> Session: Class initialized using 'CodeIgniter\Session\Handlers\FileHandler' driver.
DEBUG - 2026-10-06 16:53:53 --> Session: Class initialized using 'CodeIgniter\Session\Handlers\FileHandler' driver.
DEBUG - 2026-10-06 16:53:56 --> Session: Class initialized using 'CodeIgniter\Session\Handlers\FileHandler' driver.
INFO - 2026-10-06 16:54:01 --> CSRF token verified.
DEBUG - 2026-10-06 16:54:01 --> Session: Class initialized using 'CodeIgniter\Session\Handlers\FileHandler' driver.
DEBUG - 2026-10-06 16:54:01 --> Session: Class initialized using 'CodeIgniter\Session\Handlers\FileHandler' driver.
DEBUG - 2026-10-06 16:57:10 --> Session: Class initialized using 'CodeIgniter\Session\Handlers\FileHandler' driver.
DEBUG - 2026-10-06 16:57:15 --> Session: Class initialized using 'CodeIgniter\Session\Handlers\FileHandler' driver.
DEBUG - 2026-10-06 16:57:18 --> Session: Class initialized using 'CodeIgniter\Session\Handlers\FileHandler' driver.
DEBUG - 2026-10-06 16:57:21 --> Session: Class initialized using 'CodeIgniter\Session\Handlers\FileHandler' driver.
DEBUG - 2026-10-06 16:57:25 --> Session: Class initialized using 'CodeIgniter\Session\Handlers\FileHandler' driver.
DEBUG - 2026-10-06 16:57:28 --> Session: Class initialized using 'CodeIgniter\Session\Handlers\FileHandler' driver.
DEBUG - 2026-10-06 16:57:29 --> Session: Class initialized using 'CodeIgniter\Session\Handlers\FileHandler' driver.
DEBUG - 2026-10-06 16:57:31 --> Session: Class initialized using 'CodeIgniter\Session\Handlers\FileHandler' driver.
DEBUG - 2026-10-06 16:57:32 --> Session: Class initialized using 'CodeIgniter\Session\Handlers\FileHandler' driver.
DEBUG - 2026-10-06 16:57:33 --> Session: Class initialized using 'CodeIgniter\Session\Handlers\FileHandler' driver.
DEBUG - 2026-10-06 16:57:34 --> Session: Class initialized using 'CodeIgniter\Session\Handlers\FileHandler' driver.
DEBUG - 2026-10-06 16:58:01 --> Session: Class initialized using 'CodeIgniter\Session\Handlers\FileHandler' driver.
DEBUG - 2026-10-06 16:58:03 --> Session: Class initialized using 'CodeIgniter\Session\Handlers\FileHandler' driver.
DEBUG - 2026-10-06 16:58:04 --> Session: Class initialized using 'CodeIgniter\Session\Handlers\FileHandler' driver.
DEBUG - 2026-10-06 16:58:06 --> Session: Class initialized using 'CodeIgniter\Session\Handlers\FileHandler' driver.
DEBUG - 2026-10-06 16:58:09 --> Session: Class initialized using 'CodeIgniter\Session\Handlers\FileHandler' driver.
INFO - 2026-10-06 16:58:21 --> CSRF token verified.
DEBUG - 2026-10-06 16:58:21 --> Session: Class initialized using 'CodeIgniter\Session\Handlers\FileHandler' driver.
DEBUG - 2026-10-06 16:58:21 --> Session: Class initialized using 'CodeIgniter\Session\Handlers\FileHandler' driver.
DEBUG - 2026-10-06 16:58:25 --> Session: Class initialized using 'CodeIgniter\Session\Handlers\FileHandler' driver.
DEBUG - 2026-10-06 16:58:27 --> Session: Class initialized using 'CodeIgniter\Session\Handlers\FileHandler' driver.
DEBUG - 2026-10-06 16:58:28 --> Session: Class initialized using 'CodeIgniter\Session\Handlers\FileHandler' driver.
DEBUG - 2026-10-06 16:58:30 --> Session: Class initialized using 'CodeIgniter\Session\Handlers\FileHandler' driver.
DEBUG - 2026-10-06 16:58:34 --> Session: Class initialized using 'CodeIgniter\Session\Handlers\FileHandler' driver.
DEBUG - 2026-10-06 16:58:35 --> Session: Class initialized using 'CodeIgniter\Session\Handlers\FileHandler' driver.
DEBUG - 2026-10-06 16:58:37 --> Session: Class initialized using 'CodeIgniter\Session\Handlers\FileHandler' driver.
DEBUG - 2026-10-06 16:58:39 --> Session: Class initialized using 'CodeIgniter\Session\Handlers\FileHandler' driver.
DEBUG - 2026-10-06 16:58:45 --> Session: Class initialized using 'CodeIgniter\Session\Handlers\FileHandler' driver.
DEBUG - 2026-10-06 16:58:46 --> Session: Class initialized using 'CodeIgniter\Session\Handlers\FileHandler' driver.
DEBUG - 2026-10-06 16:58:48 --> Session: Class initialized using 'CodeIgniter\Session\Handlers\FileHandler' driver.
INFO - 2026-10-06 16:58:55 --> CSRF token verified.
DEBUG - 2026-10-06 16:58:55 --> Session: Class initialized using 'CodeIgniter\Session\Handlers\FileHandler' driver.
DEBUG - 2026-10-06 16:58:55 --> Session: Class initialized using 'CodeIgniter\Session\Handlers\FileHandler' driver.
INFO - 2026-10-06 16:58:58 --> CSRF token verified.
DEBUG - 2026-10-06 16:58:58 --> Session: Class initialized using 'CodeIgniter\Session\Handlers\FileHandler' driver.
DEBUG - 2026-10-06 16:58:58 --> Session: Class initialized using 'CodeIgniter\Session\Handlers\FileHandler' driver.
DEBUG - 2026-10-06 16:59:00 --> Session: Class initialized using 'CodeIgniter\Session\Handlers\FileHandler' driver.
DEBUG - 2026-10-06 16:59:02 --> Session: Class initialized using 'CodeIgniter\Session\Handlers\FileHandler' driver.
DEBUG - 2026-10-06 16:59:06 --> Session: Class initialized using 'CodeIgniter\Session\Handlers\FileHandler' driver.
DEBUG - 2026-10-06 16:59:08 --> Session: Class initialized using 'CodeIgniter\Session\Handlers\FileHandler' driver.
INFO - 2026-10-06 16:59:31 --> CSRF token verified.
DEBUG - 2026-10-06 16:59:31 --> Session: Class initialized using 'CodeIgniter\Session\Handlers\FileHandler' driver.
DEBUG - 2026-10-06 16:59:32 --> Session: Class initialized using 'CodeIgniter\Session\Handlers\FileHandler' driver.
INFO - 2026-10-06 16:59:33 --> CSRF token verified.
DEBUG - 2026-10-06 16:59:33 --> Session: Class initialized using 'CodeIgniter\Session\Handlers\FileHandler' driver.
DEBUG - 2026-10-06 16:59:33 --> Session: Class initialized using 'CodeIgniter\Session\Handlers\FileHandler' driver.
DEBUG - 2026-10-06 16:59:35 --> Session: Class initialized using 'CodeIgniter\Session\Handlers\FileHandler' driver.
DEBUG - 2026-10-06 16:59:37 --> Session: Class initialized using 'CodeIgniter\Session\Handlers\FileHandler' driver.
DEBUG - 2026-10-06 17:01:49 --> Session: Class initialized using 'CodeIgniter\Session\Handlers\FileHandler' driver.
DEBUG - 2026-10-06 17:05:57 --> Session: Class initialized using 'CodeIgniter\Session\Handlers\FileHandler' driver.
DEBUG - 2026-10-06 17:06:01 --> Session: Class initialized using 'CodeIgniter\Session\Handlers\FileHandler' driver.
DEBUG - 2026-10-06 17:08:35 --> Session: Class initialized using 'CodeIgniter\Session\Handlers\FileHandler' driver.
DEBUG - 2026-10-06 17:08:37 --> Session: Class initialized using 'CodeIgniter\Session\Handlers\FileHandler' driver.
DEBUG - 2026-10-06 17:08:38 --> Session: Class initialized using 'CodeIgniter\Session\Handlers\FileHandler' driver.
INFO - 2026-10-06 17:08:42 --> CSRF token verified.
DEBUG - 2026-10-06 17:08:42 --> Session: Class initialized using 'CodeIgniter\Session\Handlers\FileHandler' driver.
DEBUG - 2026-10-06 17:08:42 --> Session: Class initialized using 'CodeIgniter\Session\Handlers\FileHandler' driver.
INFO - 2026-10-06 17:08:46 --> CSRF token verified.
DEBUG - 2026-10-06 17:08:46 --> Session: Class initialized using 'CodeIgniter\Session\Handlers\FileHandler' driver.
DEBUG - 2026-10-06 17:08:46 --> Session: Class initialized using 'CodeIgniter\Session\Handlers\FileHandler' driver.
DEBUG - 2026-10-06 17:08:47 --> Session: Class initialized using 'CodeIgniter\Session\Handlers\FileHandler' driver.
DEBUG - 2026-10-06 17:08:53 --> Session: Class initialized using 'CodeIgniter\Session\Handlers\FileHandler' driver.
DEBUG - 2026-10-06 17:09:29 --> Session: Class initialized using 'CodeIgniter\Session\Handlers\FileHandler' driver.
DEBUG - 2026-10-06 17:09:30 --> Session: Class initialized using 'CodeIgniter\Session\Handlers\FileHandler' driver.
DEBUG - 2026-10-06 17:09:31 --> Session: Class initialized using 'CodeIgniter\Session\Handlers\FileHandler' driver.
DEBUG - 2026-10-06 17:09:31 --> Session: Class initialized using 'CodeIgniter\Session\Handlers\FileHandler' driver.
DEBUG - 2026-10-06 17:09:32 --> Session: Class initialized using 'CodeIgniter\Session\Handlers\FileHandler' driver.
DEBUG - 2026-10-06 17:09:34 --> Session: Class initialized using 'CodeIgniter\Session\Handlers\FileHandler' driver.
DEBUG - 2026-10-06 17:09:34 --> Session: Class initialized using 'CodeIgniter\Session\Handlers\FileHandler' driver.
DEBUG - 2026-10-06 17:09:35 --> Session: Class initialized using 'CodeIgniter\Session\Handlers\FileHandler' driver.
DEBUG - 2026-10-06 17:09:40 --> Session: Class initialized using 'CodeIgniter\Session\Handlers\FileHandler' driver.
DEBUG - 2026-10-06 17:09:41 --> Session: Class initialized using 'CodeIgniter\Session\Handlers\FileHandler' driver.
DEBUG - 2026-10-06 17:09:43 --> Session: Class initialized using 'CodeIgniter\Session\Handlers\FileHandler' driver.
DEBUG - 2026-10-06 17:09:45 --> Session: Class initialized using 'CodeIgniter\Session\Handlers\FileHandler' driver.
DEBUG - 2026-10-06 17:09:48 --> Session: Class initialized using 'CodeIgniter\Session\Handlers\FileHandler' driver.
DEBUG - 2026-10-06 17:09:51 --> Session: Class initialized using 'CodeIgniter\Session\Handlers\FileHandler' driver.
DEBUG - 2026-10-06 17:09:51 --> Session: Class initialized using 'CodeIgniter\Session\Handlers\FileHandler' driver.
DEBUG - 2026-10-06 17:09:52 --> Session: Class initialized using 'CodeIgniter\Session\Handlers\FileHandler' driver.
DEBUG - 2026-10-06 17:09:54 --> Session: Class initialized using 'CodeIgniter\Session\Handlers\FileHandler' driver.
DEBUG - 2026-10-06 17:10:51 --> Session: Class initialized using 'CodeIgniter\Session\Handlers\FileHandler' driver.
DEBUG - 2026-10-06 17:10:52 --> Session: Class initialized using 'CodeIgniter\Session\Handlers\FileHandler' driver.
DEBUG - 2026-10-06 17:10:54 --> Session: Class initialized using 'CodeIgniter\Session\Handlers\FileHandler' driver.
DEBUG - 2026-10-06 17:11:00 --> Session: Class initialized using 'CodeIgniter\Session\Handlers\FileHandler' driver.
DEBUG - 2026-10-06 17:11:02 --> Session: Class initialized using 'CodeIgniter\Session\Handlers\FileHandler' driver.
DEBUG - 2026-10-06 17:11:02 --> Session: Class initialized using 'CodeIgniter\Session\Handlers\FileHandler' driver.
DEBUG - 2026-10-06 17:11:03 --> Session: Class initialized using 'CodeIgniter\Session\Handlers\FileHandler' driver.
DEBUG - 2026-10-06 17:11:04 --> Session: Class initialized using 'CodeIgniter\Session\Handlers\FileHandler' driver.
DEBUG - 2026-10-06 17:11:04 --> Session: Class initialized using 'CodeIgniter\Session\Handlers\FileHandler' driver.
DEBUG - 2026-10-06 17:11:05 --> Session: Class initialized using 'CodeIgniter\Session\Handlers\FileHandler' driver.
DEBUG - 2026-10-06 17:11:45 --> Session: Class initialized using 'CodeIgniter\Session\Handlers\FileHandler' driver.
DEBUG - 2026-10-06 17:11:48 --> Session: Class initialized using 'CodeIgniter\Session\Handlers\FileHandler' driver.
DEBUG - 2026-10-06 17:12:26 --> Session: Class initialized using 'CodeIgniter\Session\Handlers\FileHandler' driver.
DEBUG - 2026-10-06 17:12:27 --> Session: Class initialized using 'CodeIgniter\Session\Handlers\FileHandler' driver.
DEBUG - 2026-10-06 17:12:29 --> Session: Class initialized using 'CodeIgniter\Session\Handlers\FileHandler' driver.
DEBUG - 2026-10-06 17:12:29 --> Session: Class initialized using 'CodeIgniter\Session\Handlers\FileHandler' driver.
DEBUG - 2026-10-06 17:13:20 --> Session: Class initialized using 'CodeIgniter\Session\Handlers\FileHandler' driver.
DEBUG - 2026-10-06 17:13:23 --> Session: Class initialized using 'CodeIgniter\Session\Handlers\FileHandler' driver.
DEBUG - 2026-10-06 17:13:24 --> Session: Class initialized using 'CodeIgniter\Session\Handlers\FileHandler' driver.
DEBUG - 2026-10-06 17:13:25 --> Session: Class initialized using 'CodeIgniter\Session\Handlers\FileHandler' driver.
DEBUG - 2026-10-06 17:13:29 --> Session: Class initialized using 'CodeIgniter\Session\Handlers\FileHandler' driver.
DEBUG - 2026-10-06 17:13:38 --> Session: Class initialized using 'CodeIgniter\Session\Handlers\FileHandler' driver.
DEBUG - 2026-10-06 17:13:41 --> Session: Class initialized using 'CodeIgniter\Session\Handlers\FileHandler' driver.
DEBUG - 2026-10-06 17:13:41 --> Session: Class initialized using 'CodeIgniter\Session\Handlers\FileHandler' driver.
DEBUG - 2026-10-06 17:13:50 --> Session: Class initialized using 'CodeIgniter\Session\Handlers\FileHandler' driver.
DEBUG - 2026-10-06 17:13:52 --> Session: Class initialized using 'CodeIgniter\Session\Handlers\FileHandler' driver.
DEBUG - 2026-10-06 17:16:31 --> Session: Class initialized using 'CodeIgniter\Session\Handlers\FileHandler' driver.
INFO - 2026-10-06 17:16:31 --> CSRF token verified.
DEBUG - 2026-10-06 17:16:31 --> Session: Class initialized using 'CodeIgniter\Session\Handlers\FileHandler' driver.
DEBUG - 2026-10-06 17:16:49 --> Session: Class initialized using 'CodeIgniter\Session\Handlers\FileHandler' driver.
INFO - 2026-10-06 17:16:49 --> CSRF token verified.
DEBUG - 2026-10-06 17:16:49 --> Session: Class initialized using 'CodeIgniter\Session\Handlers\FileHandler' driver.
DEBUG - 2026-10-06 17:20:51 --> Session: Class initialized using 'CodeIgniter\Session\Handlers\FileHandler' driver.
DEBUG - 2026-10-06 17:20:53 --> Session: Class initialized using 'CodeIgniter\Session\Handlers\FileHandler' driver.
DEBUG - 2026-10-06 17:20:54 --> Session: Class initialized using 'CodeIgniter\Session\Handlers\FileHandler' driver.
DEBUG - 2026-10-06 17:20:56 --> Session: Class initialized using 'CodeIgniter\Session\Handlers\FileHandler' driver.
DEBUG - 2026-10-06 17:21:05 --> Session: Class initialized using 'CodeIgniter\Session\Handlers\FileHandler' driver.
DEBUG - 2026-10-06 17:21:10 --> Session: Class initialized using 'CodeIgniter\Session\Handlers\FileHandler' driver.
DEBUG - 2026-10-06 17:21:10 --> Session: Class initialized using 'CodeIgniter\Session\Handlers\FileHandler' driver.
DEBUG - 2026-10-06 17:21:11 --> Session: Class initialized using 'CodeIgniter\Session\Handlers\FileHandler' driver.
DEBUG - 2026-10-06 17:21:13 --> Session: Class initialized using 'CodeIgniter\Session\Handlers\FileHandler' driver.
DEBUG - 2026-10-06 17:25:53 --> Session: Class initialized using 'CodeIgniter\Session\Handlers\FileHandler' driver.
DEBUG - 2026-10-06 17:25:54 --> Session: Class initialized using 'CodeIgniter\Session\Handlers\FileHandler' driver.
DEBUG - 2026-10-06 17:25:55 --> Session: Class initialized using 'CodeIgniter\Session\Handlers\FileHandler' driver.
DEBUG - 2026-10-06 17:25:55 --> Session: Class initialized using 'CodeIgniter\Session\Handlers\FileHandler' driver.
DEBUG - 2026-10-06 17:25:56 --> Session: Class initialized using 'CodeIgniter\Session\Handlers\FileHandler' driver.
DEBUG - 2026-10-06 17:25:57 --> Session: Class initialized using 'CodeIgniter\Session\Handlers\FileHandler' driver.
DEBUG - 2026-10-06 17:25:58 --> Session: Class initialized using 'CodeIgniter\Session\Handlers\FileHandler' driver.
DEBUG - 2026-10-06 17:25:58 --> Session: Class initialized using 'CodeIgniter\Session\Handlers\FileHandler' driver.
DEBUG - 2026-10-06 17:25:59 --> Session: Class initialized using 'CodeIgniter\Session\Handlers\FileHandler' driver.
DEBUG - 2026-10-06 17:26:00 --> Session: Class initialized using 'CodeIgniter\Session\Handlers\FileHandler' driver.
DEBUG - 2026-10-06 17:26:01 --> Session: Class initialized using 'CodeIgniter\Session\Handlers\FileHandler' driver.
DEBUG - 2026-10-06 17:26:01 --> Session: Class initialized using 'CodeIgniter\Session\Handlers\FileHandler' driver.
DEBUG - 2026-10-06 17:26:02 --> Session: Class initialized using 'CodeIgniter\Session\Handlers\FileHandler' driver.
DEBUG - 2026-10-06 17:26:03 --> Session: Class initialized using 'CodeIgniter\Session\Handlers\FileHandler' driver.
DEBUG - 2026-10-06 17:26:03 --> Session: Class initialized using 'CodeIgniter\Session\Handlers\FileHandler' driver.
DEBUG - 2026-10-06 17:26:04 --> Session: Class initialized using 'CodeIgniter\Session\Handlers\FileHandler' driver.
DEBUG - 2026-10-06 17:26:05 --> Session: Class initialized using 'CodeIgniter\Session\Handlers\FileHandler' driver.
DEBUG - 2026-10-06 17:30:29 --> Session: Class initialized using 'CodeIgniter\Session\Handlers\FileHandler' driver.
DEBUG - 2026-10-06 17:33:25 --> Session: Class initialized using 'CodeIgniter\Session\Handlers\FileHandler' driver.
CRITICAL - 2026-10-06 17:59:00 --> ErrorException: fwrite(): Write of 85 bytes failed with errno=22 Invalid argument
[Method: GET, Route: /]
in SYSTEMPATH\CLI\InputOutput.php on line 78.
 1 [internal function]: CodeIgniter\Debug\Exceptions->errorHandler(8, 'fwrite(): Write of 85 bytes failed with errno=22 Invalid argument', 'D:\\JOKS\\Yordan\\BELAJAR WETIM\\BELAJAR-WETIM\\system\\CLI\\InputOutput.php', 78)
 2 SYSTEMPATH\CLI\InputOutput.php(78): fwrite(resource (stream), '
CodeIgniter v4.7.4 Command Line Tool - Server Time: 2026-10-06 17:59:00 UTC+08:00
')
 3 SYSTEMPATH\CLI\CLI.php(1139): CodeIgniter\CLI\InputOutput->fwrite(resource (stream), '
CodeIgniter v4.7.4 Command Line Tool - Server Time: 2026-10-06 17:59:00 UTC+08:00
')
 4 SYSTEMPATH\CLI\CLI.php(471): CodeIgniter\CLI\CLI::fwrite(resource (stream), '
CodeIgniter v4.7.4 Command Line Tool - Server Time: 2026-10-06 17:59:00 UTC+08:00
')
 5 SYSTEMPATH\CLI\Console.php(61): CodeIgniter\CLI\CLI::write('
CodeIgniter v4.7.4 Command Line Tool - Server Time: 2026-10-06 17:59:00 UTC+08:00', 'green')
 6 SYSTEMPATH\Boot.php(437): CodeIgniter\CLI\Console->showHeader(false)
 7 SYSTEMPATH\Boot.php(164): CodeIgniter\Boot::initializeConsole()
 8 ROOTPATH\spark(87): CodeIgniter\Boot::bootSpark(Object(Config\Paths))
CRITICAL - 2026-10-06 17:59:17 --> ErrorException: fwrite(): Write of 85 bytes failed with errno=22 Invalid argument
[Method: GET, Route: /]
in SYSTEMPATH\CLI\InputOutput.php on line 78.
 1 [internal function]: CodeIgniter\Debug\Exceptions->errorHandler(8, 'fwrite(): Write of 85 bytes failed with errno=22 Invalid argument', 'D:\\JOKS\\Yordan\\BELAJAR WETIM\\BELAJAR-WETIM\\system\\CLI\\InputOutput.php', 78)
 2 SYSTEMPATH\CLI\InputOutput.php(78): fwrite(resource (stream), '
CodeIgniter v4.7.4 Command Line Tool - Server Time: 2026-10-06 17:59:17 UTC+08:00
')
 3 SYSTEMPATH\CLI\CLI.php(1139): CodeIgniter\CLI\InputOutput->fwrite(resource (stream), '
CodeIgniter v4.7.4 Command Line Tool - Server Time: 2026-10-06 17:59:17 UTC+08:00
')
 4 SYSTEMPATH\CLI\CLI.php(471): CodeIgniter\CLI\CLI::fwrite(resource (stream), '
CodeIgniter v4.7.4 Command Line Tool - Server Time: 2026-10-06 17:59:17 UTC+08:00
')
 5 SYSTEMPATH\CLI\Console.php(61): CodeIgniter\CLI\CLI::write('
CodeIgniter v4.7.4 Command Line Tool - Server Time: 2026-10-06 17:59:17 UTC+08:00', 'green')
 6 SYSTEMPATH\Boot.php(437): CodeIgniter\CLI\Console->showHeader(false)
 7 SYSTEMPATH\Boot.php(164): CodeIgniter\Boot::initializeConsole()
 8 ROOTPATH\spark(87): CodeIgniter\Boot::bootSpark(Object(Config\Paths))
DEBUG - 2026-10-06 18:00:46 --> Session: Class initialized using 'CodeIgniter\Session\Handlers\FileHandler' driver.
DEBUG - 2026-10-06 18:00:49 --> Session: Class initialized using 'CodeIgniter\Session\Handlers\FileHandler' driver.
DEBUG - 2026-10-06 18:00:51 --> Session: Class initialized using 'CodeIgniter\Session\Handlers\FileHandler' driver.
DEBUG - 2026-10-06 18:00:53 --> Session: Class initialized using 'CodeIgniter\Session\Handlers\FileHandler' driver.
DEBUG - 2026-10-06 18:00:54 --> Session: Class initialized using 'CodeIgniter\Session\Handlers\FileHandler' driver.
DEBUG - 2026-10-06 18:01:04 --> Session: Class initialized using 'CodeIgniter\Session\Handlers\FileHandler' driver.
INFO - 2026-10-06 18:01:26 --> CSRF token verified.
DEBUG - 2026-10-06 18:01:26 --> Session: Class initialized using 'CodeIgniter\Session\Handlers\FileHandler' driver.
DEBUG - 2026-10-06 18:01:26 --> Session: Class initialized using 'CodeIgniter\Session\Handlers\FileHandler' driver.
DEBUG - 2026-10-06 18:01:29 --> Session: Class initialized using 'CodeIgniter\Session\Handlers\FileHandler' driver.
INFO - 2026-10-06 18:01:32 --> CSRF token verified.
DEBUG - 2026-10-06 18:01:32 --> Session: Class initialized using 'CodeIgniter\Session\Handlers\FileHandler' driver.
DEBUG - 2026-10-06 18:01:32 --> Session: Class initialized using 'CodeIgniter\Session\Handlers\FileHandler' driver.
INFO - 2026-10-06 18:01:33 --> CSRF token verified.
DEBUG - 2026-10-06 18:01:33 --> Session: Class initialized using 'CodeIgniter\Session\Handlers\FileHandler' driver.
DEBUG - 2026-10-06 18:01:33 --> Session: Class initialized using 'CodeIgniter\Session\Handlers\FileHandler' driver.
DEBUG - 2026-10-06 18:01:36 --> Session: Class initialized using 'CodeIgniter\Session\Handlers\FileHandler' driver.
INFO - 2026-10-06 18:01:53 --> CSRF token verified.
DEBUG - 2026-10-06 18:01:53 --> Session: Class initialized using 'CodeIgniter\Session\Handlers\FileHandler' driver.
DEBUG - 2026-10-06 18:01:53 --> Session: Class initialized using 'CodeIgniter\Session\Handlers\FileHandler' driver.
DEBUG - 2026-10-06 18:02:02 --> Session: Class initialized using 'CodeIgniter\Session\Handlers\FileHandler' driver.
DEBUG - 2026-10-06 18:02:03 --> Session: Class initialized using 'CodeIgniter\Session\Handlers\FileHandler' driver.
DEBUG - 2026-10-06 18:02:05 --> Session: Class initialized using 'CodeIgniter\Session\Handlers\FileHandler' driver.
DEBUG - 2026-10-06 18:02:05 --> Session: Class initialized using 'CodeIgniter\Session\Handlers\FileHandler' driver.
DEBUG - 2026-10-06 18:07:35 --> Session: Class initialized using 'CodeIgniter\Session\Handlers\FileHandler' driver.
DEBUG - 2026-10-06 18:11:43 --> Session: Class initialized using 'CodeIgniter\Session\Handlers\FileHandler' driver.
DEBUG - 2026-10-06 18:11:46 --> Session: Class initialized using 'CodeIgniter\Session\Handlers\FileHandler' driver.
DEBUG - 2026-10-06 18:11:49 --> Session: Class initialized using 'CodeIgniter\Session\Handlers\FileHandler' driver.
DEBUG - 2026-10-06 18:11:56 --> Session: Class initialized using 'CodeIgniter\Session\Handlers\FileHandler' driver.
DEBUG - 2026-10-06 18:11:59 --> Session: Class initialized using 'CodeIgniter\Session\Handlers\FileHandler' driver.
DEBUG - 2026-10-06 18:12:02 --> Session: Class initialized using 'CodeIgniter\Session\Handlers\FileHandler' driver.
DEBUG - 2026-10-06 18:12:06 --> Session: Class initialized using 'CodeIgniter\Session\Handlers\FileHandler' driver.
DEBUG - 2026-10-06 18:12:08 --> Session: Class initialized using 'CodeIgniter\Session\Handlers\FileHandler' driver.
DEBUG - 2026-10-06 18:12:10 --> Session: Class initialized using 'CodeIgniter\Session\Handlers\FileHandler' driver.
DEBUG - 2026-10-06 18:12:14 --> Session: Class initialized using 'CodeIgniter\Session\Handlers\FileHandler' driver.
DEBUG - 2026-10-06 18:12:15 --> Session: Class initialized using 'CodeIgniter\Session\Handlers\FileHandler' driver.
DEBUG - 2026-10-06 18:12:16 --> Session: Class initialized using 'CodeIgniter\Session\Handlers\FileHandler' driver.
DEBUG - 2026-10-06 18:12:18 --> Session: Class initialized using 'CodeIgniter\Session\Handlers\FileHandler' driver.
DEBUG - 2026-10-06 18:12:20 --> Session: Class initialized using 'CodeIgniter\Session\Handlers\FileHandler' driver.
DEBUG - 2026-10-06 18:12:21 --> Session: Class initialized using 'CodeIgniter\Session\Handlers\FileHandler' driver.
DEBUG - 2026-10-06 18:12:23 --> Session: Class initialized using 'CodeIgniter\Session\Handlers\FileHandler' driver.
INFO - 2026-10-06 18:12:46 --> CSRF token verified.
DEBUG - 2026-10-06 18:12:46 --> Session: Class initialized using 'CodeIgniter\Session\Handlers\FileHandler' driver.
DEBUG - 2026-10-06 18:12:46 --> Session: Class initialized using 'CodeIgniter\Session\Handlers\FileHandler' driver.
DEBUG - 2026-10-06 18:12:53 --> Session: Class initialized using 'CodeIgniter\Session\Handlers\FileHandler' driver.
INFO - 2026-10-06 18:13:24 --> CSRF token verified.
DEBUG - 2026-10-06 18:13:24 --> Session: Class initialized using 'CodeIgniter\Session\Handlers\FileHandler' driver.
DEBUG - 2026-10-06 18:13:25 --> Session: Class initialized using 'CodeIgniter\Session\Handlers\FileHandler' driver.
INFO - 2026-10-06 18:13:29 --> CSRF token verified.
DEBUG - 2026-10-06 18:13:29 --> Session: Class initialized using 'CodeIgniter\Session\Handlers\FileHandler' driver.
DEBUG - 2026-10-06 18:13:29 --> Session: Class initialized using 'CodeIgniter\Session\Handlers\FileHandler' driver.
INFO - 2026-10-06 18:13:32 --> CSRF token verified.
DEBUG - 2026-10-06 18:13:32 --> Session: Class initialized using 'CodeIgniter\Session\Handlers\FileHandler' driver.
DEBUG - 2026-10-06 18:13:32 --> Session: Class initialized using 'CodeIgniter\Session\Handlers\FileHandler' driver.
DEBUG - 2026-10-06 18:13:37 --> Session: Class initialized using 'CodeIgniter\Session\Handlers\FileHandler' driver.
DEBUG - 2026-10-06 18:13:41 --> Session: Class initialized using 'CodeIgniter\Session\Handlers\FileHandler' driver.
DEBUG - 2026-10-06 18:13:44 --> Session: Class initialized using 'CodeIgniter\Session\Handlers\FileHandler' driver.
DEBUG - 2026-10-06 18:13:48 --> Session: Class initialized using 'CodeIgniter\Session\Handlers\FileHandler' driver.
DEBUG - 2026-10-06 18:13:51 --> Session: Class initialized using 'CodeIgniter\Session\Handlers\FileHandler' driver.
DEBUG - 2026-10-06 18:13:52 --> Session: Class initialized using 'CodeIgniter\Session\Handlers\FileHandler' driver.
DEBUG - 2026-10-06 18:13:54 --> Session: Class initialized using 'CodeIgniter\Session\Handlers\FileHandler' driver.
INFO - 2026-10-06 18:13:57 --> CSRF token verified.
DEBUG - 2026-10-06 18:13:57 --> Session: Class initialized using 'CodeIgniter\Session\Handlers\FileHandler' driver.
DEBUG - 2026-10-06 18:13:57 --> Session: Class initialized using 'CodeIgniter\Session\Handlers\FileHandler' driver.
INFO - 2026-10-06 18:14:01 --> CSRF token verified.
DEBUG - 2026-10-06 18:14:01 --> Session: Class initialized using 'CodeIgniter\Session\Handlers\FileHandler' driver.
DEBUG - 2026-10-06 18:14:01 --> Session: Class initialized using 'CodeIgniter\Session\Handlers\FileHandler' driver.
DEBUG - 2026-10-06 18:14:04 --> Session: Class initialized using 'CodeIgniter\Session\Handlers\FileHandler' driver.
DEBUG - 2026-10-06 18:14:07 --> Session: Class initialized using 'CodeIgniter\Session\Handlers\FileHandler' driver.
DEBUG - 2026-10-06 18:17:48 --> Session: Class initialized using 'CodeIgniter\Session\Handlers\FileHandler' driver.
DEBUG - 2026-10-06 18:17:55 --> Session: Class initialized using 'CodeIgniter\Session\Handlers\FileHandler' driver.
DEBUG - 2026-10-06 18:17:59 --> Session: Class initialized using 'CodeIgniter\Session\Handlers\FileHandler' driver.
DEBUG - 2026-10-06 18:18:01 --> Session: Class initialized using 'CodeIgniter\Session\Handlers\FileHandler' driver.
DEBUG - 2026-10-06 18:18:02 --> Session: Class initialized using 'CodeIgniter\Session\Handlers\FileHandler' driver.
DEBUG - 2026-10-06 18:18:04 --> Session: Class initialized using 'CodeIgniter\Session\Handlers\FileHandler' driver.
DEBUG - 2026-10-06 18:18:14 --> Session: Class initialized using 'CodeIgniter\Session\Handlers\FileHandler' driver.
DEBUG - 2026-10-06 18:18:17 --> Session: Class initialized using 'CodeIgniter\Session\Handlers\FileHandler' driver.
DEBUG - 2026-10-06 18:18:18 --> Session: Class initialized using 'CodeIgniter\Session\Handlers\FileHandler' driver.
DEBUG - 2026-10-06 18:18:19 --> Session: Class initialized using 'CodeIgniter\Session\Handlers\FileHandler' driver.
DEBUG - 2026-10-06 18:18:36 --> Session: Class initialized using 'CodeIgniter\Session\Handlers\FileHandler' driver.
DEBUG - 2026-10-06 18:28:04 --> Session: Class initialized using 'CodeIgniter\Session\Handlers\FileHandler' driver.
DEBUG - 2026-10-06 18:28:05 --> Session: Class initialized using 'CodeIgniter\Session\Handlers\FileHandler' driver.
DEBUG - 2026-10-06 18:28:08 --> Session: Class initialized using 'CodeIgniter\Session\Handlers\FileHandler' driver.
DEBUG - 2026-10-06 18:28:10 --> Session: Class initialized using 'CodeIgniter\Session\Handlers\FileHandler' driver.
DEBUG - 2026-10-06 18:28:11 --> Session: Class initialized using 'CodeIgniter\Session\Handlers\FileHandler' driver.
DEBUG - 2026-10-06 18:28:11 --> Session: Class initialized using 'CodeIgniter\Session\Handlers\FileHandler' driver.
DEBUG - 2026-10-06 18:28:15 --> Session: Class initialized using 'CodeIgniter\Session\Handlers\FileHandler' driver.
DEBUG - 2026-10-06 18:28:16 --> Session: Class initialized using 'CodeIgniter\Session\Handlers\FileHandler' driver.
DEBUG - 2026-10-06 18:28:16 --> Session: Class initialized using 'CodeIgniter\Session\Handlers\FileHandler' driver.
DEBUG - 2026-10-06 18:28:17 --> Session: Class initialized using 'CodeIgniter\Session\Handlers\FileHandler' driver.
DEBUG - 2026-10-06 18:28:17 --> Session: Class initialized using 'CodeIgniter\Session\Handlers\FileHandler' driver.
DEBUG - 2026-10-06 18:28:18 --> Session: Class initialized using 'CodeIgniter\Session\Handlers\FileHandler' driver.
DEBUG - 2026-10-06 18:28:19 --> Session: Class initialized using 'CodeIgniter\Session\Handlers\FileHandler' driver.
DEBUG - 2026-10-06 21:26:12 --> Session: Class initialized using 'CodeIgniter\Session\Handlers\FileHandler' driver.
DEBUG - 2026-10-06 21:26:12 --> Session: Class initialized using 'CodeIgniter\Session\Handlers\FileHandler' driver.
INFO - 2026-10-06 21:26:24 --> CSRF token verified.
DEBUG - 2026-10-06 21:26:24 --> Session: Class initialized using 'CodeIgniter\Session\Handlers\FileHandler' driver.
DEBUG - 2026-10-06 21:26:24 --> Session: Class initialized using 'CodeIgniter\Session\Handlers\FileHandler' driver.
DEBUG - 2026-10-06 21:26:47 --> Session: Class initialized using 'CodeIgniter\Session\Handlers\FileHandler' driver.
DEBUG - 2026-10-06 21:26:48 --> Session: Class initialized using 'CodeIgniter\Session\Handlers\FileHandler' driver.
DEBUG - 2026-10-06 21:26:52 --> Session: Class initialized using 'CodeIgniter\Session\Handlers\FileHandler' driver.
DEBUG - 2026-10-06 21:26:52 --> Session: Class initialized using 'CodeIgniter\Session\Handlers\FileHandler' driver.
INFO - 2026-10-06 21:26:56 --> CSRF token verified.
DEBUG - 2026-10-06 21:26:56 --> Session: Class initialized using 'CodeIgniter\Session\Handlers\FileHandler' driver.
DEBUG - 2026-10-06 21:26:56 --> Session: Class initialized using 'CodeIgniter\Session\Handlers\FileHandler' driver.
INFO - 2026-10-06 21:27:08 --> CSRF token verified.
DEBUG - 2026-10-06 21:27:08 --> Session: Class initialized using 'CodeIgniter\Session\Handlers\FileHandler' driver.
DEBUG - 2026-10-06 21:27:08 --> Session: Class initialized using 'CodeIgniter\Session\Handlers\FileHandler' driver.
DEBUG - 2026-10-06 21:27:17 --> Session: Class initialized using 'CodeIgniter\Session\Handlers\FileHandler' driver.
DEBUG - 2026-10-06 21:27:18 --> Session: Class initialized using 'CodeIgniter\Session\Handlers\FileHandler' driver.
DEBUG - 2026-10-06 21:27:19 --> Session: Class initialized using 'CodeIgniter\Session\Handlers\FileHandler' driver.
DEBUG - 2026-10-06 21:27:20 --> Session: Class initialized using 'CodeIgniter\Session\Handlers\FileHandler' driver.
DEBUG - 2026-10-06 21:27:20 --> Session: Class initialized using 'CodeIgniter\Session\Handlers\FileHandler' driver.
DEBUG - 2026-10-06 21:27:29 --> Session: Class initialized using 'CodeIgniter\Session\Handlers\FileHandler' driver.
DEBUG - 2026-10-06 21:27:29 --> Session: Class initialized using 'CodeIgniter\Session\Handlers\FileHandler' driver.
INFO - 2026-10-06 21:27:36 --> CSRF token verified.
DEBUG - 2026-10-06 21:27:37 --> Session: Class initialized using 'CodeIgniter\Session\Handlers\FileHandler' driver.
DEBUG - 2026-10-06 21:27:37 --> Session: Class initialized using 'CodeIgniter\Session\Handlers\FileHandler' driver.
DEBUG - 2026-10-06 21:29:05 --> Session: Class initialized using 'CodeIgniter\Session\Handlers\FileHandler' driver.
DEBUG - 2026-10-06 21:29:11 --> Session: Class initialized using 'CodeIgniter\Session\Handlers\FileHandler' driver.
DEBUG - 2026-10-06 21:29:11 --> Session: Class initialized using 'CodeIgniter\Session\Handlers\FileHandler' driver.
DEBUG - 2026-10-06 21:29:13 --> Session: Class initialized using 'CodeIgniter\Session\Handlers\FileHandler' driver.
DEBUG - 2026-10-06 21:29:15 --> Session: Class initialized using 'CodeIgniter\Session\Handlers\FileHandler' driver.
DEBUG - 2026-10-06 21:29:17 --> Session: Class initialized using 'CodeIgniter\Session\Handlers\FileHandler' driver.
DEBUG - 2026-10-06 21:29:18 --> Session: Class initialized using 'CodeIgniter\Session\Handlers\FileHandler' driver.
DEBUG - 2026-10-06 21:29:20 --> Session: Class initialized using 'CodeIgniter\Session\Handlers\FileHandler' driver.
DEBUG - 2026-10-06 21:35:53 --> Session: Class initialized using 'CodeIgniter\Session\Handlers\FileHandler' driver.
DEBUG - 2026-10-06 21:35:55 --> Session: Class initialized using 'CodeIgniter\Session\Handlers\FileHandler' driver.
DEBUG - 2026-10-06 21:35:56 --> Session: Class initialized using 'CodeIgniter\Session\Handlers\FileHandler' driver.
DEBUG - 2026-10-06 21:35:56 --> Session: Class initialized using 'CodeIgniter\Session\Handlers\FileHandler' driver.
DEBUG - 2026-10-06 21:35:57 --> Session: Class initialized using 'CodeIgniter\Session\Handlers\FileHandler' driver.
DEBUG - 2026-10-06 21:35:57 --> Session: Class initialized using 'CodeIgniter\Session\Handlers\FileHandler' driver.
DEBUG - 2026-10-06 21:35:58 --> Session: Class initialized using 'CodeIgniter\Session\Handlers\FileHandler' driver.
DEBUG - 2026-10-06 21:35:58 --> Session: Class initialized using 'CodeIgniter\Session\Handlers\FileHandler' driver.
DEBUG - 2026-10-06 21:35:59 --> Session: Class initialized using 'CodeIgniter\Session\Handlers\FileHandler' driver.
DEBUG - 2026-10-06 21:36:00 --> Session: Class initialized using 'CodeIgniter\Session\Handlers\FileHandler' driver.
DEBUG - 2026-10-06 21:36:01 --> Session: Class initialized using 'CodeIgniter\Session\Handlers\FileHandler' driver.
DEBUG - 2026-10-06 21:39:19 --> Session: Class initialized using 'CodeIgniter\Session\Handlers\FileHandler' driver.
DEBUG - 2026-10-06 21:39:22 --> Session: Class initialized using 'CodeIgniter\Session\Handlers\FileHandler' driver.
DEBUG - 2026-10-06 21:39:23 --> Session: Class initialized using 'CodeIgniter\Session\Handlers\FileHandler' driver.
DEBUG - 2026-10-06 21:39:25 --> Session: Class initialized using 'CodeIgniter\Session\Handlers\FileHandler' driver.
DEBUG - 2026-10-06 21:39:25 --> Session: Class initialized using 'CodeIgniter\Session\Handlers\FileHandler' driver.
DEBUG - 2026-10-06 21:39:27 --> Session: Class initialized using 'CodeIgniter\Session\Handlers\FileHandler' driver.
DEBUG - 2026-10-06 21:39:28 --> Session: Class initialized using 'CodeIgniter\Session\Handlers\FileHandler' driver.
DEBUG - 2026-10-06 21:39:29 --> Session: Class initialized using 'CodeIgniter\Session\Handlers\FileHandler' driver.
DEBUG - 2026-10-06 21:39:29 --> Session: Class initialized using 'CodeIgniter\Session\Handlers\FileHandler' driver.
DEBUG - 2026-10-06 21:39:30 --> Session: Class initialized using 'CodeIgniter\Session\Handlers\FileHandler' driver.
DEBUG - 2026-10-06 21:39:31 --> Session: Class initialized using 'CodeIgniter\Session\Handlers\FileHandler' driver.
INFO - 2026-10-06 21:39:35 --> CSRF token verified.
DEBUG - 2026-10-06 21:39:35 --> Session: Class initialized using 'CodeIgniter\Session\Handlers\FileHandler' driver.
DEBUG - 2026-10-06 21:39:35 --> Session: Class initialized using 'CodeIgniter\Session\Handlers\FileHandler' driver.
DEBUG - 2026-10-06 21:39:40 --> Session: Class initialized using 'CodeIgniter\Session\Handlers\FileHandler' driver.
DEBUG - 2026-10-06 21:39:40 --> Session: Class initialized using 'CodeIgniter\Session\Handlers\FileHandler' driver.
DEBUG - 2026-10-06 21:39:44 --> Session: Class initialized using 'CodeIgniter\Session\Handlers\FileHandler' driver.
INFO - 2026-10-06 21:39:46 --> CSRF token verified.
DEBUG - 2026-10-06 21:39:46 --> Session: Class initialized using 'CodeIgniter\Session\Handlers\FileHandler' driver.
DEBUG - 2026-10-06 21:39:46 --> Session: Class initialized using 'CodeIgniter\Session\Handlers\FileHandler' driver.
DEBUG - 2026-10-06 21:39:57 --> Session: Class initialized using 'CodeIgniter\Session\Handlers\FileHandler' driver.
DEBUG - 2026-10-06 21:39:58 --> Session: Class initialized using 'CodeIgniter\Session\Handlers\FileHandler' driver.
DEBUG - 2026-10-06 21:39:59 --> Session: Class initialized using 'CodeIgniter\Session\Handlers\FileHandler' driver.
DEBUG - 2026-10-06 21:39:59 --> Session: Class initialized using 'CodeIgniter\Session\Handlers\FileHandler' driver.
DEBUG - 2026-10-06 21:40:00 --> Session: Class initialized using 'CodeIgniter\Session\Handlers\FileHandler' driver.
DEBUG - 2026-10-06 21:40:00 --> Session: Class initialized using 'CodeIgniter\Session\Handlers\FileHandler' driver.
DEBUG - 2026-10-06 21:40:06 --> Session: Class initialized using 'CodeIgniter\Session\Handlers\FileHandler' driver.
DEBUG - 2026-10-06 21:40:39 --> Session: Class initialized using 'CodeIgniter\Session\Handlers\FileHandler' driver.
DEBUG - 2026-10-06 21:40:40 --> Session: Class initialized using 'CodeIgniter\Session\Handlers\FileHandler' driver.
INFO - 2026-10-06 21:41:11 --> CSRF token verified.
DEBUG - 2026-10-06 21:41:11 --> Session: Class initialized using 'CodeIgniter\Session\Handlers\FileHandler' driver.
DEBUG - 2026-10-06 21:41:11 --> Session: Class initialized using 'CodeIgniter\Session\Handlers\FileHandler' driver.
INFO - 2026-10-06 21:41:46 --> CSRF token verified.
DEBUG - 2026-10-06 21:41:46 --> Session: Class initialized using 'CodeIgniter\Session\Handlers\FileHandler' driver.
DEBUG - 2026-10-06 21:41:46 --> Session: Class initialized using 'CodeIgniter\Session\Handlers\FileHandler' driver.
DEBUG - 2026-10-06 21:41:50 --> Session: Class initialized using 'CodeIgniter\Session\Handlers\FileHandler' driver.
DEBUG - 2026-10-06 21:41:51 --> Session: Class initialized using 'CodeIgniter\Session\Handlers\FileHandler' driver.
DEBUG - 2026-10-06 21:41:52 --> Session: Class initialized using 'CodeIgniter\Session\Handlers\FileHandler' driver.
DEBUG - 2026-10-06 21:41:52 --> Session: Class initialized using 'CodeIgniter\Session\Handlers\FileHandler' driver.
DEBUG - 2026-10-06 21:41:53 --> Session: Class initialized using 'CodeIgniter\Session\Handlers\FileHandler' driver.
DEBUG - 2026-10-06 21:41:54 --> Session: Class initialized using 'CodeIgniter\Session\Handlers\FileHandler' driver.
INFO - 2026-10-06 21:42:03 --> CSRF token verified.
DEBUG - 2026-10-06 21:42:03 --> Session: Class initialized using 'CodeIgniter\Session\Handlers\FileHandler' driver.
DEBUG - 2026-10-06 21:42:03 --> Session: Class initialized using 'CodeIgniter\Session\Handlers\FileHandler' driver.
DEBUG - 2026-10-06 21:42:08 --> Session: Class initialized using 'CodeIgniter\Session\Handlers\FileHandler' driver.
DEBUG - 2026-10-06 21:42:10 --> Session: Class initialized using 'CodeIgniter\Session\Handlers\FileHandler' driver.
DEBUG - 2026-10-06 21:42:53 --> Session: Class initialized using 'CodeIgniter\Session\Handlers\FileHandler' driver.
DEBUG - 2026-10-06 21:45:01 --> Session: Class initialized using 'CodeIgniter\Session\Handlers\FileHandler' driver.
DEBUG - 2026-10-06 21:45:02 --> Session: Class initialized using 'CodeIgniter\Session\Handlers\FileHandler' driver.
DEBUG - 2026-10-06 21:45:03 --> Session: Class initialized using 'CodeIgniter\Session\Handlers\FileHandler' driver.
DEBUG - 2026-10-06 21:45:04 --> Session: Class initialized using 'CodeIgniter\Session\Handlers\FileHandler' driver.
DEBUG - 2026-10-06 21:45:07 --> Session: Class initialized using 'CodeIgniter\Session\Handlers\FileHandler' driver.
DEBUG - 2026-10-06 21:45:30 --> Session: Class initialized using 'CodeIgniter\Session\Handlers\FileHandler' driver.
DEBUG - 2026-10-06 21:45:30 --> Session: Class initialized using 'CodeIgniter\Session\Handlers\FileHandler' driver.
INFO - 2026-10-06 21:45:33 --> CSRF token verified.
DEBUG - 2026-10-06 21:45:33 --> Session: Class initialized using 'CodeIgniter\Session\Handlers\FileHandler' driver.
DEBUG - 2026-10-06 21:45:33 --> Session: Class initialized using 'CodeIgniter\Session\Handlers\FileHandler' driver.
DEBUG - 2026-10-06 21:45:42 --> Session: Class initialized using 'CodeIgniter\Session\Handlers\FileHandler' driver.
DEBUG - 2026-10-06 21:45:57 --> Session: Class initialized using 'CodeIgniter\Session\Handlers\FileHandler' driver.
DEBUG - 2026-10-06 21:45:59 --> Session: Class initialized using 'CodeIgniter\Session\Handlers\FileHandler' driver.
DEBUG - 2026-10-06 21:46:19 --> Session: Class initialized using 'CodeIgniter\Session\Handlers\FileHandler' driver.
DEBUG - 2026-10-06 21:46:20 --> Session: Class initialized using 'CodeIgniter\Session\Handlers\FileHandler' driver.
DEBUG - 2026-10-06 21:46:24 --> Session: Class initialized using 'CodeIgniter\Session\Handlers\FileHandler' driver.
DEBUG - 2026-10-06 21:46:43 --> Session: Class initialized using 'CodeIgniter\Session\Handlers\FileHandler' driver.
